Ranking,NPSN,Sekolah,Provinsi,Kab Kota,Jenis
1,20623314,MAN INSAN CENDEKIA SERPONG,BANTEN,KOTA TANGERANG SELATAN,MA
2,20532145,SMA KATOLIK ST.LOUIS 1,JAWA TIMUR,KOTA SURABAYA,SMA
3,69978389,SMA PRADITA DIRGANTARA,JAWA TENGAH,KAB. BOYOLALI,SMA
4,69941723,MAN INSAN CENDEKIA PEKALONGAN,JAWA TENGAH,KOTA PEKALONGAN,MA
5,20102568,SMAN 8 JAKARTA,DKI JAKARTA,KOTA JAKARTA SELATAN,SMA
6,20107313,SMA LABSCHOOL KEBAYORAN,DKI JAKARTA,KOTA JAKARTA SELATAN,SMA
7,20100170,SMAS KANISIUS JAKARTA,DKI JAKARTA,KOTA JAKARTA PUSAT,SMA
8,20101622,SMAN 2 JAKARTA,DKI JAKARTA,KOTA JAKARTA BARAT,SMA
9,20219730,SMAS BPK 1 PENABUR BANDUNG,JAWA BARAT,KOTA BANDUNG,SMA
10,20100199,SMAN 68 JAKARTA,DKI JAKARTA,KOTA JAKARTA PUSAT,SMA
11,20403161,SMAN 8 YOGYAKARTA,DI YOGYAKARTA,KOTA YOGYAKARTA,SMA
12,10263538,SMAS UNGGUL DEL,SUMATERA UTARA,KAB. TOBA,SMA
13,20403174,SMAN 1 YOGYAKARTA,DI YOGYAKARTA,KOTA YOGYAKARTA,SMA
14,20107319,SMAN 28 JAKARTA,DKI JAKARTA,KOTA JAKARTA SELATAN,SMA
15,20403178,SMAN 3 YOGYAKARTA,DI YOGYAKARTA,KOTA YOGYAKARTA,SMA
16,20103301,SMAN 81 JAKARTA,DKI JAKARTA,KOTA JAKARTA TIMUR,SMA
17,20100601,SMAS KRISTEN 5 BPK PENABUR,DKI JAKARTA,KOTA JAKARTA UTARA,SMA
18,20401146,SMAN 1 GODEAN,DI YOGYAKARTA,KAB. SLEMAN,SMA
19,20580050,MAN 2 KOTA MALANG,JAWA TIMUR,KOTA MALANG,MA
20,69975889,MAN INSAN CENDEKIA KOTA BATAM,KEPULAUAN RIAU,KOTA BATAM,MA
21,20403171,SMAN 6 YOGYAKARTA,DI YOGYAKARTA,KOTA YOGYAKARTA,SMA
22,20103283,SMAN 21 JAKARTA,DKI JAKARTA,KOTA JAKARTA TIMUR,SMA
23,20103307,SMAN 61 JAKARTA,DKI JAKARTA,KOTA JAKARTA TIMUR,SMA
24,30315142,SMAN BANUA KAL SEL,KALIMANTAN SELATAN,KAB. BANJAR,SMA
25,20603357,SMAS KRISTEN BPK PENABUR GADING SERPONG,BANTEN,KAB. TANGERANG,SMA
26,20102214,SMAN 34 JAKARTA,DKI JAKARTA,KOTA JAKARTA SELATAN,SMA
27,20103314,SMAN 48 JAKARTA,DKI JAKARTA,KOTA JAKARTA TIMUR,SMA
28,20328915,SMAS KOLESE LOYOLA,JAWA TENGAH,KOTA SEMARANG,SMA
29,20279931,SMAS AL-IRSYAD SATYA,JAWA BARAT,KAB. BANDUNG BARAT,SMA
30,20108383,SMAS SANTA URSULA,DKI JAKARTA,KOTA JAKARTA PUSAT,SMA
31,69856916,SMA IGNATIUS GLOBAL SCHOOL (IGS) PALEMBANG,SUMATERA SELATAN,KOTA PALEMBANG,SMA
32,20101588,SMAN 78 JAKARTA,DKI JAKARTA,KOTA JAKARTA BARAT,SMA
33,20219263,SMAS ALLOYSIUS 1,JAWA BARAT,KOTA BANDUNG,SMA
34,20247147,SMAS PESANTREN UNGGUL AL BAYAN,JAWA BARAT,KAB. SUKABUMI,SMA
35,60728785,MAN Insan Cendekia Gorontalo,GORONTALO,KAB. BONE BOLANGO,MA
36,20102193,SMAN 47 JAKARTA,DKI JAKARTA,KOTA JAKARTA SELATAN,SMA
37,10507942,MAN INSAN CENDEKIA JAMBI,JAMBI,KAB. MUARO JAMBI,MA
38,20102218,SMAN 26 JAKARTA,DKI JAKARTA,KOTA JAKARTA SELATAN,SMA
39,20103223,SMAS LABSCHOOL JAKARTA,DKI JAKARTA,KOTA JAKARTA TIMUR,SMA
40,69978962,MAN INSAN CENDEKIA PASURUAN,JAWA TIMUR,KAB. PASURUAN,MA
41,20401145,SMAN 1 KALASAN,DI YOGYAKARTA,KAB. SLEMAN,SMA
42,20401124,SMAN 1 SLEMAN,DI YOGYAKARTA,KAB. SLEMAN,SMA
43,20220343,SMAS REGINA PACIS,JAWA BARAT,KOTA BOGOR,SMA
44,20402126,SMAN 1 WONOSARI,DI YOGYAKARTA,KAB. GUNUNG KIDUL,SMA
45,20103303,SMAN 71 JAKARTA,DKI JAKARTA,KOTA JAKARTA TIMUR,SMA
46,20103285,SMAN 12 JAKARTA,DKI JAKARTA,KOTA JAKARTA TIMUR,SMA
47,20101589,SMAN 65 JAKARTA,DKI JAKARTA,KOTA JAKARTA BARAT,SMA
48,20532248,SMAN 5 SURABAYA,JAWA TIMUR,KOTA SURABAYA,SMA
49,60724799,SMAS DARMA YUDHA,RIAU,KOTA PEKANBARU,SMA
50,69983368,MAN INSAN CENDEKIA PADANG PARIAMAN,SUMATERA BARAT,KAB. PADANG PARIAMAN,MA
51,20401156,SMAS KOLESE DE BRITTO DEPOK,DI YOGYAKARTA,KAB. SLEMAN,SMA
52,20253599,SMAS PENABUR,JAWA BARAT,KOTA BEKASI,SMA
53,20102212,SMAN 38 JAKARTA,DKI JAKARTA,KOTA JAKARTA SELATAN,SMA
54,20102592,SMAN 49 JAKARTA,DKI JAKARTA,KOTA JAKARTA SELATAN,SMA
55,20401161,SMAN 1 DEPOK,DI YOGYAKARTA,KAB. SLEMAN,SMA
56,20403170,SMAN 7 YOGYAKARTA,DI YOGYAKARTA,KOTA YOGYAKARTA,SMA
57,20403375,MAN 1 YOGYAKARTA,DI YOGYAKARTA,KOTA YOGYAKARTA,MA
58,20103296,SMAN 39 JAKARTA,DKI JAKARTA,KOTA JAKARTA TIMUR,SMA
59,20403180,SMAN 5 YOGYAKARTA,DI YOGYAKARTA,KOTA YOGYAKARTA,SMA
60,20400405,SMA NEGERI 1 BANTUL,DI YOGYAKARTA,KAB. BANTUL,SMA
61,69941607,MAN Insan Cendekia Oki,SUMATERA SELATAN,KAB. OGAN KOMERING ILIR,MA
62,10310903,SMAN 1 SUMATERA BARAT,SUMATERA BARAT,KOTA PADANG PANJANG,SMA
63,20533654,SMAS K KOLESE ST YUSUP,JAWA TIMUR,KOTA MALANG,SMA
64,20403162,SMAN 9 YOGYAKARTA,DI YOGYAKARTA,KOTA YOGYAKARTA,SMA
65,20402794,SMA NEGERI 1 WATES,DI YOGYAKARTA,KAB. KULON PROGO,SMA
66,20219327,SMAN 3 BANDUNG,JAWA BARAT,KOTA BANDUNG,SMA
67,20103256,SMAN 99 JAKARTA,DKI JAKARTA,KOTA JAKARTA TIMUR,SMA
68,69986890,SMA UNGGULAN CT ARSA FOUNDATION SUKOHARJO,JAWA TENGAH,KAB. SUKOHARJO,SMA
69,20607991,SMA ISLAM NURUL FIKRI,BANTEN,KAB. SERANG,SMA
70,10603858,SMA NEGERI 17 PALEMBANG,SUMATERA SELATAN,KOTA PALEMBANG,SMA
71,20102570,SMAN 70 JAKARTA,DKI JAKARTA,KOTA JAKARTA SELATAN,SMA
72,20103284,SMAN 14 JAKARTA,DKI JAKARTA,KOTA JAKARTA TIMUR,SMA
73,20107299,SMAS GONZAGA JAKARTA,DKI JAKARTA,KOTA JAKARTA SELATAN,SMA
74,20400373,SMA NEGERI 1 SANDEN,DI YOGYAKARTA,KAB. BANTUL,SMA
75,10303461,SMAN 1 PADANG,SUMATERA BARAT,KOTA PADANG,SMA
76,69760753,SMAS IT IBNU ABBAS,JAWA TENGAH,KAB. KLATEN,SMA
77,69873999,SMA KRISTEN PENABUR KOTA WISATA,JAWA BARAT,KAB. BOGOR,SMA
78,69949652,SMA Muhammadiyah Program Khusus Kottabarat Surakarta,JAWA TENGAH,KOTA SURAKARTA,SMA
79,20258396,SMAS IT AS-SYIFA BOARDING SCHOOL,JAWA BARAT,KAB. SUBANG,SMA
80,20219728,SMAS BPK 2 PENABUR,JAWA BARAT,KOTA BANDUNG,SMA
81,20606507,SMAS UPH COLLEGE,BANTEN,KAB. TANGERANG,SMA
82,10303611,SMAN 1 PADANG PANJANG,SUMATERA BARAT,KOTA PADANG PANJANG,SMA
83,20307644,SMAS PANGUDI LUHUR VAN LITH,JAWA TENGAH,KAB. MAGELANG,SMA
84,20101623,SMAN 19 JAKARTA,DKI JAKARTA,KOTA JAKARTA BARAT,SMA
85,20327563,SMAN 1 MAGELANG,JAWA TENGAH,KOTA MAGELANG,SMA
86,20306202,SMAN 1 PURWOREJO,JAWA TENGAH,KAB. PURWOREJO,SMA
87,20100806,SMAN 13 JAKARTA,DKI JAKARTA,KOTA JAKARTA UTARA,SMA
88,20615025,SMAS PENABUR BINTARO,BANTEN,KOTA TANGERANG SELATAN,SMA
89,20277085,MAS ZAKARIA,JAWA BARAT,KOTA BANDUNG,MA
90,20219266,SMAS ST ANGELA,JAWA BARAT,KOTA BANDUNG,SMA
91,69976494,MAN INSAN CENDEKIA TANAH LAUT,KALIMANTAN SELATAN,KAB. TANAH LAUT,MA
92,20307641,SMAS TARUNA NUSANTARA,JAWA TENGAH,KAB. MAGELANG,SMA
93,20328447,SMAN 1 SALATIGA,JAWA TENGAH,KOTA SALATIGA,SMA
94,20219269,SMAS TARUNA BAKTI,JAWA BARAT,KOTA BANDUNG,SMA
95,69978966,MAN INSAN CENDEKIA LOMBOK TIMUR,NUSA TENGGARA BARAT,KAB. LOMBOK TIMUR,MA
96,20103292,SMAN 103 JAKARTA,DKI JAKARTA,KOTA JAKARTA TIMUR,SMA
97,20107304,SMAS ISLAM AL-AZHAR 1 JAKARTA,DKI JAKARTA,KOTA JAKARTA SELATAN,SMA
98,10259371,SMAS METHODIST 3 MEDAN,SUMATERA UTARA,KOTA MEDAN,SMA
99,20238524,SMK-SMAK BOGOR,JAWA BARAT,KOTA BOGOR,SMK
100,20102571,SMAN 66 JAKARTA,DKI JAKARTA,KOTA JAKARTA SELATAN,SMA
101,20102563,SMAN 90 JAKARTA,DKI JAKARTA,KOTA JAKARTA SELATAN,SMA
102,20401130,SMAN 1 MLATI,DI YOGYAKARTA,KAB. SLEMAN,SMA
103,20363082,MAN 2 KUDUS,JAWA TENGAH,KAB. KUDUS,MA
104,20533660,SMAN 1,JAWA TIMUR,KOTA MALANG,SMA
105,20101626,SMAN 112 JAKARTA,DKI JAKARTA,KOTA JAKARTA BARAT,SMA
106,20103309,SMAN 58 JAKARTA,DKI JAKARTA,KOTA JAKARTA TIMUR,SMA
107,20103278,SMAN 91 JAKARTA,DKI JAKARTA,KOTA JAKARTA TIMUR,SMA
108,69941598,MAN INSAN CENDEKIA SIAK,RIAU,KAB. SIAK,MA
109,20265518,SMAS ALFA CENTAURI,JAWA BARAT,KOTA BANDUNG,SMA
110,20327966,SMAN 1 SURAKARTA,JAWA TENGAH,KOTA SURAKARTA,SMA
111,20102575,SMAN 55 JAKARTA,DKI JAKARTA,KOTA JAKARTA SELATAN,SMA
112,20223075,SMAS MARSUDIRINI,JAWA BARAT,KOTA BEKASI,SMA
113,20503414,SMA NEGERI 2 JOMBANG,JAWA TIMUR,KAB. JOMBANG,SMA
114,20328895,SMA NEGERI 03,JAWA TENGAH,KOTA SEMARANG,SMA
115,69941830,MAN INSAN CENDEKIA PASER,KALIMANTAN TIMUR,KAB. PASER,MA
116,20320392,SMA SEDES SAPIENTIAE JAMBU,JAWA TENGAH,KAB. SEMARANG,SMA
117,20103310,SMAN 54 JAKARTA,DKI JAKARTA,KOTA JAKARTA TIMUR,SMA
118,20100216,SMAN 1 JAKARTA,DKI JAKARTA,KOTA JAKARTA PUSAT,SMA
119,10648016,SMAN SUMATERA SELATAN,SUMATERA SELATAN,KOTA PALEMBANG,SMA
120,20252852,SMAS AL KAHFI,JAWA BARAT,KAB. BOGOR,SMA
121,20532087,SMAS SANTA MARIA,JAWA TIMUR,KOTA SURABAYA,SMA
122,20534388,SMAN 2 KEDIRI,JAWA TIMUR,KOTA KEDIRI,SMA
123,20229157,SMAS ISLAM TERPADU NURUL FIKRI,JAWA BARAT,KOTA DEPOK,SMA
124,20307712,SMAN 1 MUNTILAN,JAWA TENGAH,KAB. MAGELANG,SMA
125,20309676,SMAN 1 KLATEN,JAWA TENGAH,KAB. KLATEN,SMA
126,10210923,SMAS SANTO THOMAS 1 MEDAN,SUMATERA UTARA,KOTA MEDAN,SMA
127,10498812,MAN 2 PEKANBARU,RIAU,KOTA PEKANBARU,MA
128,10210848,SMAS SUTOMO 1,SUMATERA UTARA,KOTA MEDAN,SMA
129,69775444,SMAS IT UMMUL QURO,JAWA BARAT,KOTA BOGOR,SMA
130,69857710,SMA TRENSAINS TEBUIRENG,JAWA TIMUR,KAB. JOMBANG,SMA
131,20103306,SMAN 62 JAKARTA,DKI JAKARTA,KOTA JAKARTA TIMUR,SMA
132,20533665,SMAN 3,JAWA TIMUR,KOTA MALANG,SMA
133,20341603,SMAS AL IRSYAD AL ISLAMIYYAH,JAWA TENGAH,KAB. BANYUMAS,SMA
134,10211691,SMAS BUDI MULIA,SUMATERA UTARA,KOTA PEMATANGSIANTAR,SMA
135,20103304,SMAN 67 JAKARTA,DKI JAKARTA,KOTA JAKARTA TIMUR,SMA
136,20317494,SMAN 1 KUDUS,JAWA TENGAH,KAB. KUDUS,SMA
137,20103298,SMAN 44 JAKARTA,DKI JAKARTA,KOTA JAKARTA TIMUR,SMA
138,10307523,SMAN 1 BUKITTINGGI,SUMATERA BARAT,KOTA BUKITTINGGI,SMA
139,69983967,MAN INSAN CENDEKIA GOWA,SULAWESI SELATAN,KAB. GOWA,MA
140,20401127,SMAN 1 PAKEM,DI YOGYAKARTA,KAB. SLEMAN,SMA
141,20102574,SMAN 6 JAKARTA,DKI JAKARTA,KOTA JAKARTA SELATAN,SMA
142,20402778,SMA NEGERI 2 WATES,DI YOGYAKARTA,KAB. KULON PROGO,SMA
143,20327987,SMAS REGINA PACIS SURAKARTA,JAWA TENGAH,KOTA SURAKARTA,SMA
144,20403145,SMAS STELLA DUCE 1,DI YOGYAKARTA,KOTA YOGYAKARTA,SMA
145,20177932,MAN 4 JAKARTA,DKI JAKARTA,KOTA JAKARTA SELATAN,MA
146,20327564,SMAN 3 MAGELANG,JAWA TENGAH,KOTA MAGELANG,SMA
147,10304887,SMA NEGERI AGAM CENDEKIA,SUMATERA BARAT,KAB. AGAM,SMA
148,20532237,SMAN 15 SURABAYA,JAWA TIMUR,KOTA SURABAYA,SMA
149,20532230,SMAN 2 SURABAYA,JAWA TIMUR,KOTA SURABAYA,SMA
150,20401132,SMAN 2 NGAGLIK,DI YOGYAKARTA,KAB. SLEMAN,SMA
151,20580045,MAN 2 Kota Kediri,JAWA TIMUR,KOTA KEDIRI,MA
152,20613477,SMAN 2 KOTA TANGERANG SELATAN,BANTEN,KOTA TANGERANG SELATAN,SMA
153,20330921,SMA TRENSAINS MUHAMMADIYAH SRAGEN,JAWA TENGAH,KAB. SRAGEN,SMA
154,20327969,SMAN 4 SURAKARTA,JAWA TENGAH,KOTA SURAKARTA,SMA
155,20400406,SMA NEGERI 1 BANGUNTAPAN,DI YOGYAKARTA,KAB. BANTUL,SMA
156,10303462,SMAN 10 PADANG,SUMATERA BARAT,KOTA PADANG,SMA
157,10100170,SMA NEGERI MODAL BANGSA,ACEH,KAB. ACEH BESAR,SMA
158,20200691,SMAN 2 CIBINONG,JAWA BARAT,KAB. BOGOR,SMA
159,20329517,SMA Negeri 1 Pekalongan,JAWA TENGAH,KOTA PEKALONGAN,SMA
160,30105064,SMAS KRISTEN IMMANUEL,KALIMANTAN BARAT,KOTA PONTIANAK,SMA
161,10208520,SMAN 2 BALIGE,SUMATERA UTARA,KAB. TOBA,SMA
162,20328912,SMA SEMESTA,JAWA TENGAH,KOTA SEMARANG,SMA
163,20220342,SMAN 1 BOGOR,JAWA BARAT,KOTA BOGOR,SMA
164,20312200,SMAN 1 KARANGANYAR,JAWA TENGAH,KAB. KARANGANYAR,SMA
165,20254358,SMAS GLOBAL MANDIRI,JAWA BARAT,KAB. BOGOR,SMA
166,20103257,SMAN 98 JAKARTA,DKI JAKARTA,KOTA JAKARTA TIMUR,SMA
167,20339021,SMA NEGERI 1 PATI,JAWA TENGAH,KAB. PATI,SMA
168,10609651,SMA KUSUMA BANGSA PALEMBANG,SUMATERA SELATAN,KOTA PALEMBANG,SMA
169,20302182,SMAN 1 PURWOKERTO,JAWA TENGAH,KAB. BANYUMAS,SMA
170,69765089,SMAS ISLAM ATHIRAH,SULAWESI SELATAN,KAB. BONE,SMA
171,20327970,SMAN 5 SURAKARTA,JAWA TENGAH,KOTA SURAKARTA,SMA
172,20102216,SMAN 3 JAKARTA,DKI JAKARTA,KOTA JAKARTA SELATAN,SMA
173,20231283,SMAS BUNDA HATI KUDUS,JAWA BARAT,KAB. BOGOR,SMA
174,20517739,SMAN 1 LAWANG,JAWA TIMUR,KAB. MALANG,SMA
175,20102219,SMAN 109 JAKARTA,DKI JAKARTA,KOTA JAKARTA SELATAN,SMA
176,20321438,SMA NEGERI 1 TEMANGGUNG,JAWA TENGAH,KAB. TEMANGGUNG,SMA
177,20403176,SMAN 11 YOGYAKARTA,DI YOGYAKARTA,KOTA YOGYAKARTA,SMA
178,40320336,SMAS ZION,SULAWESI SELATAN,KOTA MAKASSAR,SMA
179,20549721,SMAS AL HIKMAH SURABAYA,JAWA TIMUR,KOTA SURABAYA,SMA
180,20308449,SMAN 1 BOYOLALI,JAWA TENGAH,KAB. BOYOLALI,SMA
181,20534124,SMAN 2 MADIUN,JAWA TIMUR,KOTA MADIUN,SMA
182,20403177,SMAN 2 YOGYAKARTA,DI YOGYAKARTA,KOTA YOGYAKARTA,SMA
183,20306807,SMA NEGERI 1 WONOSOBO,JAWA TENGAH,KAB. WONOSOBO,SMA
184,20328896,SMA NEGERI 02,JAWA TENGAH,KOTA SEMARANG,SMA
185,20107277,SMAS AL IZHAR JAKARTA,DKI JAKARTA,KOTA JAKARTA SELATAN,SMA
186,69756117,SMAS AL - AZHAR MANDIRI PALU,SULAWESI TENGAH,KOTA PALU,SMA
187,20102217,SMAN 29 JAKARTA,DKI JAKARTA,KOTA JAKARTA SELATAN,SMA
188,20222365,SMAN 2 CIREBON,JAWA BARAT,KOTA CIREBON,SMA
189,69989336,SMA BUDI CENDEKIA ISLAMIC SCHOOL,JAWA BARAT,KOTA DEPOK,SMA
190,69975824,MAN INSAN CENDEKIA KOTA KENDARI,SULAWESI TENGGARA,KOTA KENDARI,MA
191,20403179,SMAN 4 YOGYAKARTA,DI YOGYAKARTA,KOTA YOGYAKARTA,SMA
192,20246430,SMAS ISLAM DIAN DIDAKTIKA,JAWA BARAT,KOTA DEPOK,SMA
193,10210836,SMAS SUTOMO 2,SUMATERA UTARA,KOTA MEDAN,SMA
194,20504500,SMAN 1 BOJONEGORO,JAWA TIMUR,KAB. BOJONEGORO,SMA
195,20520820,SMAN 2 LUMAJANG,JAWA TIMUR,KAB. LUMAJANG,SMA
196,20223020,SMAN 1 BEKASI,JAWA BARAT,KOTA BEKASI,SMA
197,20223819,SMAN 1 KOTA DEPOK,JAWA BARAT,KOTA DEPOK,SMA
198,10603865,SMA NEGERI 01 PALEMBANG,SUMATERA SELATAN,KOTA PALEMBANG,SMA
199,20525856,SMAN 1 GLAGAH,JAWA TIMUR,KAB. BANYUWANGI,SMA
200,20305010,SMAN 1 KEBUMEN,JAWA TENGAH,KAB. KEBUMEN,SMA
201,20327565,SMAN 4 MAGELANG,JAWA TENGAH,KOTA MAGELANG,SMA
202,20302165,SMAN 2 PURWOKERTO,JAWA TENGAH,KAB. BANYUMAS,SMA
203,20103290,SMAN 105 JAKARTA,DKI JAKARTA,KOTA JAKARTA TIMUR,SMA
204,20303249,SMAN 1 PURBALINGGA,JAWA TENGAH,KAB. PURBALINGGA,SMA
205,20103281,SMAN 31 JAKARTA,DKI JAKARTA,KOTA JAKARTA TIMUR,SMA
206,20409906,SMA KESATUAN BANGSA,DI YOGYAKARTA,KAB. BANTUL,SMA
207,10609704,SMA XAVERIUS 01 PALEMBANG,SUMATERA SELATAN,KOTA PALEMBANG,SMA
208,20101587,SMAN 84 JAKARTA,DKI JAKARTA,KOTA JAKARTA BARAT,SMA
209,20538326,SMAN 2 NGANJUK,JAWA TIMUR,KAB. NGANJUK,SMA
210,20310417,SMAN 1 SUKOHARJO,JAWA TENGAH,KAB. SUKOHARJO,SMA
211,20517730,SMAN 1 KEPANJEN,JAWA TIMUR,KAB. MALANG,SMA
212,10404453,SMAN PLUS PROP RIAU,RIAU,KOTA PEKANBARU,SMA
213,20535050,SMAN 1 BLITAR,JAWA TIMUR,KOTA BLITAR,SMA
214,20606853,SMAN 1 TANGERANG,BANTEN,KOTA TANGERANG,SMA
215,20300617,SMA NEGERI 1 CILACAP,JAWA TENGAH,KAB. CILACAP,SMA
216,20219270,SMAS KRIDA NUSANTARA,JAWA BARAT,KOTA BANDUNG,SMA
217,30401491,SMAN 1 BALIKPAPAN,KALIMANTAN TIMUR,KOTA BALIKPAPAN,SMA
218,20219326,SMAN 8 BANDUNG,JAWA BARAT,KOTA BANDUNG,SMA
219,20103299,SMAN 89 JAKARTA,DKI JAKARTA,KOTA JAKARTA TIMUR,SMA
220,69727602,SMAS AL-IZZAH BATU,JAWA TIMUR,KOTA BATU,SMA
221,20219265,SMAS ST MARIA 1 BANDUNG,JAWA BARAT,KOTA BANDUNG,SMA
222,20403175,SMAN 10 YOGYAKARTA,DI YOGYAKARTA,KOTA YOGYAKARTA,SMA
223,20102573,SMAN 60 JAKARTA,DKI JAKARTA,KOTA JAKARTA SELATAN,SMA
224,20328893,SMA NEGERI 05,JAWA TENGAH,KOTA SEMARANG,SMA
225,20306171,SMAN 7 PURWOREJO,JAWA TENGAH,KAB. PURWOREJO,SMA
226,10807024,SMA S AL KAUTSAR,LAMPUNG,KOTA BANDAR LAMPUNG,SMA
227,69965070,SMA THURSINA IIBS,JAWA TIMUR,KAB. MALANG,SMA
228,20532260,SMAN 6 SURABAYA,JAWA TIMUR,KOTA SURABAYA,SMA
229,20534125,SMAN 1 MADIUN,JAWA TIMUR,KOTA MADIUN,SMA
230,20532236,SMAN 16 SURABAYA,JAWA TIMUR,KOTA SURABAYA,SMA
231,10807016,SMA S XAVERIUS BANDAR LAMPUNG,LAMPUNG,KOTA BANDAR LAMPUNG,SMA
232,20577343,SMAS AR-ROHMAH PUTRI BOARDING SCHOOL DAU,JAWA TIMUR,KAB. MALANG,SMA
233,69759180,SMA ISLAM SINAR CENDEKIA,BANTEN,KOTA TANGERANG SELATAN,SMA
234,20523844,SMAN 1 JEMBER,JAWA TIMUR,KAB. JEMBER,SMA
235,20277214,MAS HUSNUL KHOTIMAH,JAWA BARAT,KAB. KUNINGAN,MA
236,69955659,MAN INSAN CENDEKIA BANGKA TENGAH,KEPULAUAN BANGKA BELITUNG,KAB. BANGKA TENGAH,MA
237,20329847,SMAN 1 TEGAL,JAWA TENGAH,KOTA TEGAL,SMA
238,20542500,SMA NEGERI 1 TRENGGALEK,JAWA TIMUR,KAB. TRENGGALEK,SMA
239,20400391,SMA NEGERI 1 JETIS,DI YOGYAKARTA,KAB. BANTUL,SMA
240,20501706,SMAN 1 SIDOARJO,JAWA TIMUR,KAB. SIDOARJO,SMA
241,20505009,SMAN 1 TUBAN,JAWA TIMUR,KAB. TUBAN,SMA
242,20603342,SMAS ISLAM AL-AZHAR BSD,BANTEN,KOTA TANGERANG SELATAN,SMA
243,20102566,SMAN 82 JAKARTA,DKI JAKARTA,KOTA JAKARTA SELATAN,SMA
244,69786332,SMA ISLAM TERPADU AL USWAH,JAWA TIMUR,KOTA SURABAYA,SMA
245,20327968,SMAN 3 SURAKARTA,JAWA TENGAH,KOTA SURAKARTA,SMA
246,20100797,SMAN 52 JAKARTA,DKI JAKARTA,KOTA JAKARTA UTARA,SMA
247,40301037,SMAN 5 GOWA,SULAWESI SELATAN,KAB. GOWA,SMA
248,20511965,SMAN 2 PARE,JAWA TIMUR,KAB. KEDIRI,SMA
249,20400390,SMA NEGERI 1 KASIHAN,DI YOGYAKARTA,KAB. BANTUL,SMA
250,20276416,SMAS LABSCHOOL CIBUBUR,JAWA BARAT,KOTA BEKASI,SMA
251,20100780,SMAN 80 JAKARTA,DKI JAKARTA,KOTA JAKARTA UTARA,SMA
252,20341554,SMAS IT NURHIDAYAH,JAWA TENGAH,KAB. SUKOHARJO,SMA
253,20102572,SMAN 63 JAKARTA,DKI JAKARTA,KOTA JAKARTA SELATAN,SMA
254,30401787,SMAS YAYASAN PENDIDIKAN VIDYA DAHANA PATRA,KALIMANTAN TIMUR,KOTA BONTANG,SMA
255,69816259,SMA IBNU HAJAR BOARDING SCHOOL,JAWA BARAT,KOTA DEPOK,SMA
256,20102213,SMAN 37 JAKARTA,DKI JAKARTA,KOTA JAKARTA SELATAN,SMA
257,20603371,SMAS PLUS PEMBANGUNAN JAYA,BANTEN,KOTA TANGERANG SELATAN,SMA
258,20328894,SMA NEGERI 04,JAWA TENGAH,KOTA SEMARANG,SMA
259,20606833,SMAS STRADA ST AQUINO,BANTEN,KOTA TANGERANG,SMA
260,20253167,SMAS ISLAM AL-AZHAR 4,JAWA BARAT,KOTA BEKASI,SMA
261,20320242,SMA NEGERI 1 UNGARAN,JAWA TENGAH,KAB. SEMARANG,SMA
262,20536288,SMAN 1 PROBOLINGGO,JAWA TIMUR,KOTA PROBOLINGGO,SMA
263,20327972,SMAN 7 SURAKARTA,JAWA TENGAH,KOTA SURAKARTA,SMA
264,20328892,SMA NEGERI 06,JAWA TENGAH,KOTA SEMARANG,SMA
265,20112433,SMAS JAKARTA ISLAMIC SCHOOL,DKI JAKARTA,KOTA JAKARTA TIMUR,SMA
266,20536817,SMAN 1 BATU,JAWA TIMUR,KOTA BATU,SMA
267,20502726,SMAN 1 PURI,JAWA TIMUR,KAB. MOJOKERTO,SMA
268,10263550,SMAN 2 LINTONGNIHUTA,SUMATERA UTARA,KAB. HUMBANG HASUDUTAN,SMA
269,10263742,MAS PERGURUAN ISLAM AR RISALAH,SUMATERA BARAT,KOTA PADANG,MA
270,20101586,SMAN 85 JAKARTA,DKI JAKARTA,KOTA JAKARTA BARAT,SMA
271,20102210,SMAN 46 JAKARTA,DKI JAKARTA,KOTA JAKARTA SELATAN,SMA
272,20337604,SMK NEGERI 7 SEMARANG,JAWA TENGAH,KOTA SEMARANG,SMK
273,69929336,SMA SCIENCE PLUS BAITUL QURAN BOARDING SCHOOL,JAWA TENGAH,KAB. SRAGEN,SMA
274,20580757,MAS UNGGULAN AMANATUL UMMAH SURABAYA,JAWA TIMUR,KOTA SURABAYA,MA
275,20103280,SMAN 36 JAKARTA,DKI JAKARTA,KOTA JAKARTA TIMUR,SMA
276,20515430,SMAN 1 KEDUNGWARU,JAWA TIMUR,KAB. TULUNGAGUNG,SMA
277,10261532,SMA UNGGULAN CT FOUNDATION,SUMATERA UTARA,KAB. DELI SERDANG,SMA
278,20533640,SMAN 8,JAWA TIMUR,KOTA MALANG,SMA
279,20534389,SMAN 1 KEDIRI,JAWA TIMUR,KOTA KEDIRI,SMA
280,20102562,SMAN 97 JAKARTA,DKI JAKARTA,KOTA JAKARTA SELATAN,SMA
281,20100224,SMAN 30 JAKARTA,DKI JAKARTA,KOTA JAKARTA PUSAT,SMA
282,69964214,SMA NEGERI TARUNA NALA JAWA TIMUR,JAWA TIMUR,KOTA MALANG,SMA
283,20309689,SMAN 2 KLATEN,JAWA TENGAH,KAB. KLATEN,SMA
284,20223817,SMAN 3 KOTA DEPOK,JAWA BARAT,KOTA DEPOK,SMA
285,20200686,SMAS DWI WARNA,JAWA BARAT,KAB. BOGOR,SMA
286,10307799,SMAN 3 BATU SANGKAR,SUMATERA BARAT,KAB. TANAH DATAR,SMA
287,69976449,MAN INSAN CENDEKIA SAMBAS,KALIMANTAN BARAT,KAB. SAMBAS,MA
288,20314885,SMAN 1 BLORA,JAWA TENGAH,KAB. BLORA,SMA
289,20510150,SMAN 1 PONOROGO,JAWA TIMUR,KAB. PONOROGO,SMA
290,20102565,SMAN 86 JAKARTA,DKI JAKARTA,KOTA JAKARTA SELATAN,SMA
291,20220332,SMAN 3 BOGOR,JAWA BARAT,KOTA BOGOR,SMA
292,10210873,SMAN 1 MEDAN,SUMATERA UTARA,KOTA MEDAN,SMA
293,20200681,SMAN 1 CILEUNGSI,JAWA BARAT,KAB. BOGOR,SMA
294,20229161,SMAS MARDI YUANA PANCORAN MAS,JAWA BARAT,KOTA DEPOK,SMA
295,20328913,SMA SEDES SAPIENTIAE,JAWA TENGAH,KOTA SEMARANG,SMA
296,20328449,SMAN 3 SALATIGA,JAWA TENGAH,KOTA SALATIGA,SMA
297,20223046,SMAN 3 BEKASI,JAWA BARAT,KOTA BEKASI,SMA
298,20219254,SMAN 2 BANDUNG,JAWA BARAT,KOTA BANDUNG,SMA
299,20400381,SMA NEGERI 2 BANTUL,DI YOGYAKARTA,KAB. BANTUL,SMA
300,20331978,SMAN 2 MAGELANG,JAWA TENGAH,KOTA MAGELANG,SMA
301,20219241,SMAN 12 BANDUNG,JAWA BARAT,KOTA BANDUNG,SMA
302,30401809,SMAS YAYASAN PUPUK KALTIM BONTANG,KALIMANTAN TIMUR,KOTA BONTANG,SMA
303,20103286,SMAN 113 JAKARTA,DKI JAKARTA,KOTA JAKARTA TIMUR,SMA
304,69774555,SMA ISLAM AL-AZHAR 8,JAWA BARAT,KOTA BEKASI,SMA
305,20103305,SMAN 64 JAKARTA,DKI JAKARTA,KOTA JAKARTA TIMUR,SMA
306,20328867,SMA NEGERI 01,JAWA TENGAH,KOTA SEMARANG,SMA
307,20224139,SMA NEGERI 2 CIMAHI,JAWA BARAT,KOTA CIMAHI,SMA
308,20315697,SMA NEGERI 1 REMBANG,JAWA TENGAH,KAB. REMBANG,SMA
309,20220273,SMKN 1 BOGOR,JAWA BARAT,KOTA BOGOR,SMK
310,11002197,SMAN 3 BATAM,KEPULAUAN RIAU,KOTA BATAM,SMA
311,20330281,SMAN 1 GOMBONG,JAWA TENGAH,KAB. KEBUMEN,SMA
312,20401315,SMKN 2 DEPOK,DI YOGYAKARTA,KAB. SLEMAN,SMK
313,20325299,SMAN 1 SLAWI,JAWA TENGAH,KAB. TEGAL,SMA
314,20502727,SMAN 1 SOOKO,JAWA TIMUR,KAB. MOJOKERTO,SMA
315,40307369,SMAS KATOLIK RAJAWALI,SULAWESI SELATAN,KOTA MAKASSAR,SMA
316,20514344,SMAN 1 TALUN,JAWA TIMUR,KAB. BLITAR,SMA
317,20525854,SMAN 1 GENTENG,JAWA TIMUR,KAB. BANYUWANGI,SMA
318,20363283,MAS MUALLIMAAT MUHAMMADIYAH,DI YOGYAKARTA,KOTA YOGYAKARTA,MA
319,20623275,MAN 2 KOTA SERANG,BANTEN,KOTA SERANG,MA
320,20103308,SMAN 59 JAKARTA,DKI JAKARTA,KOTA JAKARTA TIMUR,SMA
321,20101585,SMAN 94 JAKARTA,DKI JAKARTA,KOTA JAKARTA BARAT,SMA
322,20321425,SMK NEGERI 1 TEMANGGUNG,JAWA TENGAH,KAB. TEMANGGUNG,SMK
323,20101584,SMAN 95 JAKARTA,DKI JAKARTA,KOTA JAKARTA BARAT,SMA
324,20363211,MAS AL IRSYAD,JAWA TENGAH,KAB. SEMARANG,MA
325,20303987,SMAN 1 BANJARNEGARA,JAWA TENGAH,KAB. BANJARNEGARA,SMA
326,69946479,SMA EDU GLOBAL,JAWA BARAT,KOTA BANDUNG,SMA
327,20103297,SMAN 42 JAKARTA,DKI JAKARTA,KOTA JAKARTA TIMUR,SMA
328,20505008,SMAN 2 TUBAN,JAWA TIMUR,KAB. TUBAN,SMA
329,69977033,SMA Islam Al Azhar 19,DKI JAKARTA,KOTA JAKARTA TIMUR,SMA
330,20103291,SMAN 104 JAKARTA,DKI JAKARTA,KOTA JAKARTA TIMUR,SMA
331,20306176,SMAN 2 PURWOREJO,JAWA TENGAH,KAB. PURWOREJO,SMA
332,20400374,SMA NEGERI 1 PUNDONG,DI YOGYAKARTA,KAB. BANTUL,SMA
333,20269747,SMA NURUL FIKRI BOARDING SCHOOL LEMBANG,JAWA BARAT,KAB. BANDUNG BARAT,SMA
334,20500479,SMAN 1 GRESIK,JAWA TIMUR,KAB. GRESIK,SMA
335,20532242,SMAN 1 SURABAYA,JAWA TIMUR,KOTA SURABAYA,SMA
336,10816430,MAN 2 PONTIANAK,KALIMANTAN BARAT,KOTA PONTIANAK,MA
337,20310425,SMAN 1 KARTASURA,JAWA TENGAH,KAB. SUKOHARJO,SMA
338,20103300,SMAN 88 JAKARTA,DKI JAKARTA,KOTA JAKARTA TIMUR,SMA
339,20219309,SMAN 5 BANDUNG,JAWA BARAT,KOTA BANDUNG,SMA
340,20500477,SMAN 1 MANYAR,JAWA TIMUR,KAB. GRESIK,SMA
341,20309680,SMAN 1 KARANGANOM,JAWA TENGAH,KAB. KLATEN,SMA
342,20212956,SMA NEGERI 2 KUNINGAN,JAWA BARAT,KAB. KUNINGAN,SMA
343,20100211,SMAN 4 JAKARTA,DKI JAKARTA,KOTA JAKARTA PUSAT,SMA
344,20328448,SMAN 2 SALATIGA,JAWA TENGAH,KOTA SALATIGA,SMA
345,20307714,SMAN 1 KOTA MUNGKID,JAWA TENGAH,KAB. MAGELANG,SMA
346,10403792,SMAN PINTAR,RIAU,KAB. KUANTAN SINGINGI,SMA
347,20218351,SMAN 1 TAMBUN SELATAN,JAWA BARAT,KAB. BEKASI,SMA
348,20238516,SMAN 2 BOGOR,JAWA BARAT,KOTA BOGOR,SMA
349,20533667,SMAN 4,JAWA TIMUR,KOTA MALANG,SMA
350,20219271,SMAN 1 BANDUNG,JAWA BARAT,KOTA BANDUNG,SMA
351,20532231,SMAN 20 SURABAYA,JAWA TIMUR,KOTA SURABAYA,SMA
352,69986335,SMA IT AT TAUFIQ,JAWA BARAT,KOTA BOGOR,SMA
353,20532246,SMAN 13 SURABAYA,JAWA TIMUR,KOTA SURABAYA,SMA
354,20533661,SMAN 10,JAWA TIMUR,KOTA MALANG,SMA
355,20223044,SMAN 5 BEKASI,JAWA BARAT,KOTA BEKASI,SMA
356,20517786,SMAS AR ROHMAH DAU,JAWA TIMUR,KAB. MALANG,SMA
357,20328939,SMA NEGERI 09,JAWA TENGAH,KOTA SEMARANG,SMA
358,10400870,SMAS CENDANA MANDAU,RIAU,KAB. BENGKALIS,SMA
359,20354028,SMAN 1 SRAGEN,JAWA TENGAH,KAB. SRAGEN,SMA
360,30401487,SMAN 5 BALIKPAPAN SELATAN,KALIMANTAN TIMUR,KOTA BALIKPAPAN,SMA
361,50103181,SMAS K SANTO YOSEPH DENPASAR,BALI,KOTA DENPASAR,SMA
362,20517733,SMAN 1 SINGOSARI,JAWA TIMUR,KAB. MALANG,SMA
363,20503413,SMA NEGERI 3 JOMBANG,JAWA TIMUR,KAB. JOMBANG,SMA
364,20311334,SMAN 1 WONOGIRI,JAWA TENGAH,KAB. WONOGIRI,SMA
365,20519299,SMAN 1 PANDAAN,JAWA TIMUR,KAB. PASURUAN,SMA
366,20100212,SMAN 35 JAKARTA,DKI JAKARTA,KOTA JAKARTA PUSAT,SMA
367,30201848,SMAN 1 PANGKALAN BUN,KALIMANTAN TENGAH,KAB. KOTAWARINGIN BARAT,SMA
368,11000360,SMAN 1 BATAM,KEPULAUAN RIAU,KOTA BATAM,SMA
369,20501705,SMAN 1 TAMAN,JAWA TIMUR,KAB. SIDOARJO,SMA
370,20580089,MAN 1 KOTA MALANG,JAWA TIMUR,KOTA MALANG,MA
371,10210903,SMAS METHODIST 2 MEDAN,SUMATERA UTARA,KOTA MEDAN,SMA
372,20310421,SMAN 3 SUKOHARJO,JAWA TENGAH,KAB. SUKOHARJO,SMA
373,20253130,SMAS IT AL BINA,JAWA BARAT,KAB. BEKASI,SMA
374,69883506,SMA GARUDA CENDEKIA,DKI JAKARTA,KOTA JAKARTA SELATAN,SMA
375,20219253,SMAN 20 BANDUNG,JAWA BARAT,KOTA BANDUNG,SMA
376,20411891,MAN 3 SLEMAN,DI YOGYAKARTA,KAB. SLEMAN,MA
377,69897124,SMA ISLAM AL AZHAR 14,JAWA TENGAH,KOTA SEMARANG,SMA
378,69956310,MAN INSAN CENDEKIA ACEH TIMUR,ACEH,KAB. ACEH TIMUR,MA
379,20219312,SMAN 4 BANDUNG,JAWA BARAT,KOTA BANDUNG,SMA
380,20533639,SMAN 7,JAWA TIMUR,KOTA MALANG,SMA
381,20320387,SMA NEGERI 1 AMBARAWA,JAWA TENGAH,KAB. SEMARANG,SMA
382,69829549,SMA SYUBBANUL WATHON,JAWA TENGAH,KAB. MAGELANG,SMA
383,20328879,SMA NEGERI 11,JAWA TENGAH,KOTA SEMARANG,SMA
384,20238517,SMAN 5 BOGOR,JAWA BARAT,KOTA BOGOR,SMA
385,20403227,SMAS BOPKRI 1,DI YOGYAKARTA,KOTA YOGYAKARTA,SMA
386,20532217,SMAN 17 SURABAYA,JAWA TIMUR,KOTA SURABAYA,SMA
387,20514347,SMAN 1 SRENGAT,JAWA TIMUR,KAB. BLITAR,SMA
388,60724851,SMAS MUHAMMADIYAH BOARDING SCHOOL (MBS) SLEMAN,DI YOGYAKARTA,KAB. SLEMAN,SMA
389,50103124,SMAN 4 DENPASAR,BALI,KOTA DENPASAR,SMA
390,30401067,SMA Negeri 10 Samarinda,KALIMANTAN TIMUR,KOTA SAMARINDA,SMA
391,69859740,SMA ISLAM SABILILLAH,JAWA TIMUR,KOTA MALANG,SMA
392,20328898,SMA NEGERI 15,JAWA TENGAH,KOTA SEMARANG,SMA
393,69762788,SMAN 3 TARUTUNG,SUMATERA UTARA,KAB. TAPANULI UTARA,SMA
394,20220322,SMAS BINA INSANI,JAWA BARAT,KOTA BOGOR,SMA
395,20400380,SMA NEGERI 2 BANGUNTAPAN,DI YOGYAKARTA,KAB. BANTUL,SMA
396,20404171,SMAS IT ABU BAKAR,DI YOGYAKARTA,KOTA YOGYAKARTA,SMA
397,20532247,SMAN 4 SURABAYA,JAWA TIMUR,KOTA SURABAYA,SMA
398,20102564,SMAN 87 JAKARTA,DKI JAKARTA,KOTA JAKARTA SELATAN,SMA
399,20257102,SMAS IT THORIQ BIN ZIYAD,JAWA BARAT,KAB. BEKASI,SMA
400,20328891,SMA NEGERI 07,JAWA TENGAH,KOTA SEMARANG,SMA
401,20330331,SMKN 1 KARANGANYAR,JAWA TENGAH,KAB. KEBUMEN,SMK
402,10303500,SMAN 3 PADANG,SUMATERA BARAT,KOTA PADANG,SMA
403,20533653,SMAN 5,JAWA TIMUR,KOTA MALANG,SMA
404,20224113,SMA NEGERI 1 CIMAHI,JAWA BARAT,KOTA CIMAHI,SMA
405,10603853,SMA NEGERI 06 PALEMBANG,SUMATERA SELATAN,KOTA PALEMBANG,SMA
406,70006118,SMA STRADA BHAKTI WIYATA,JAWA BARAT,KOTA BEKASI,SMA
407,20507733,SMAN 1 MEJAYAN,JAWA TIMUR,KAB. MADIUN,SMA
408,20402788,SMK NEGERI 1 PENGASIH,DI YOGYAKARTA,KAB. KULON PROGO,SMK
409,50102079,SMAN 1 GIANYAR,BALI,KAB. GIANYAR,SMA
410,20402128,SMKN 1 WONOSARI,DI YOGYAKARTA,KAB. GUNUNG KIDUL,SMK
411,69967607,SMA AL-AZHAR SYIFA BUDI SOLO,JAWA TENGAH,KOTA SURAKARTA,SMA
412,20603368,SMAN 3 KOTA TANGERANG SELATAN,BANTEN,KOTA TANGERANG SELATAN,SMA
413,20401133,SMAN 2 SLEMAN,DI YOGYAKARTA,KAB. SLEMAN,SMA
414,20224124,SMA SANTA MARIA 3,JAWA BARAT,KOTA CIMAHI,SMA
415,69937250,SPM ULYA KULLIYATUL MU`ALLIMIN AL-ISLAMIYAH (KMI) PP MODERN GONTOR PONOROGO,JAWA TIMUR,KAB. PONOROGO,Paket C
416,20277093,MAN 1 KOTA BEKASI,JAWA BARAT,KOTA BEKASI,MA
417,20219243,SMAN 11 BANDUNG,JAWA BARAT,KOTA BANDUNG,SMA
418,20177927,MAN 7 JAKARTA,DKI JAKARTA,KOTA JAKARTA SELATAN,MA
419,40310832,SMA NEGERI 5 PAREPARE,SULAWESI SELATAN,KOTA PAREPARE,SMA
420,20219738,SMAS BPI 1 BANDUNG,JAWA BARAT,KOTA BANDUNG,SMA
421,20103289,SMAN 106 JAKARTA,DKI JAKARTA,KOTA JAKARTA TIMUR,SMA
422,20403157,SMAS MUHAMMADIYAH 1 YOGYAKARTA,DI YOGYAKARTA,KOTA YOGYAKARTA,SMA
423,20223818,SMAN 2 KOTA DEPOK,JAWA BARAT,KOTA DEPOK,SMA
424,50103127,SMAN 1 DENPASAR,BALI,KOTA DENPASAR,SMA
425,20501701,SMAN 3 SIDOARJO,JAWA TIMUR,KAB. SIDOARJO,SMA
426,69960983,SMA ISLAM TERPADU AULIYA,BANTEN,KOTA TANGERANG SELATAN,SMA
427,20580291,MAN 1 JEMBER,JAWA TIMUR,KAB. JEMBER,MA
428,20102215,SMAN 32 JAKARTA,DKI JAKARTA,KOTA JAKARTA SELATAN,SMA
429,20527233,SMAN 1 PAMEKASAN,JAWA TIMUR,KAB. PAMEKASAN,SMA
430,20308448,SMAN 3 BOYOLALI,JAWA TENGAH,KAB. BOYOLALI,SMA
431,20220330,SMAS YPHB,JAWA BARAT,KOTA BOGOR,SMA
432,60726806,SMAIT INSANTAMA PLUS,JAWA BARAT,KOTA BOGOR,SMA
433,20220325,SMAS BUDI MULIA,JAWA BARAT,KOTA BOGOR,SMA
434,10107194,SMAN 10 FAJAR HARAPAN BANDA ACEH,ACEH,KOTA BANDA ACEH,SMA
435,30105210,SMAN 1 PONTIANAK,KALIMANTAN BARAT,KOTA PONTIANAK,SMA
436,69823287,SMA AL-ABIDIN BILINGUAL BOARDING SCHOOL,JAWA TENGAH,KOTA SURAKARTA,SMA
437,20103313,SMAN 50 JAKARTA,DKI JAKARTA,KOTA JAKARTA TIMUR,SMA
438,20363060,MAN 1 SURAKARTA,JAWA TENGAH,KOTA SURAKARTA,MA
439,10303499,SMAN 2 PADANG,SUMATERA BARAT,KOTA PADANG,SMA
440,20306811,SMK NEGERI 1 WONOSOBO,JAWA TENGAH,KAB. WONOSOBO,SMK
441,20103287,SMAN 11 JAKARTA,DKI JAKARTA,KOTA JAKARTA TIMUR,SMA
442,20532263,SMAN 9 SURABAYA,JAWA TIMUR,KOTA SURABAYA,SMA
443,11002256,SMAN 1 BINTAN UTARA,KEPULAUAN RIAU,KAB. BINTAN,SMA
444,20517736,SMAN 1 TUMPANG,JAWA TIMUR,KAB. MALANG,SMA
445,20363284,MAS MUALLIMIN MUHAMMADIYAH,DI YOGYAKARTA,KOTA YOGYAKARTA,MA
446,20328920,SMA ISLAM HIDAYATULLAH,JAWA TENGAH,KOTA SEMARANG,SMA
447,20400371,SMA NEGERI 1 SEWON,DI YOGYAKARTA,KAB. BANTUL,SMA
448,20533641,SMAN 9 Malang,JAWA TIMUR,KOTA MALANG,SMA
449,69987117,MAN INSAN CENDEKIA TAPANULI SELATAN,SUMATERA UTARA,KAB. TAPANULI SELATAN,MA
450,20177928,MAN 13 JAKARTA,DKI JAKARTA,KOTA JAKARTA SELATAN,MA
451,69862591,SMA N 2 SUMATERA BARAT,SUMATERA BARAT,KAB. SOLOK,SMA
452,69915799,SMAN 20 BATAM,KEPULAUAN RIAU,KOTA BATAM,SMA
453,20221587,SMAS PESANTREN TERPADU HAYATAN THAYYIBAH,JAWA BARAT,KOTA SUKABUMI,SMA
454,20402137,SMAN 2 WONOSARI,DI YOGYAKARTA,KAB. GUNUNG KIDUL,SMA
455,20523847,SMAN 2 JEMBER,JAWA TIMUR,KAB. JEMBER,SMA
456,20606814,SMAN 8 TANGERANG,BANTEN,KOTA TANGERANG,SMA
457,20329845,SMAN 3 TEGAL,JAWA TENGAH,KOTA TEGAL,SMA
458,20217786,SMAN 1 KARAWANG,JAWA BARAT,KAB. KARAWANG,SMA
459,20103282,SMAN 22 JAKARTA,DKI JAKARTA,KOTA JAKARTA TIMUR,SMA
460,69950405,SMAS IT IMAM SYAFII,KEPULAUAN RIAU,KOTA BATAM,SMA
461,20101604,SMAN 57 JAKARTA,DKI JAKARTA,KOTA JAKARTA BARAT,SMA
462,20219250,SMAN 22 BANDUNG,JAWA BARAT,KOTA BANDUNG,SMA
463,20321439,SMA NEGERI 2 TEMANGGUNG,JAWA TENGAH,KAB. TEMANGGUNG,SMA
464,20403146,SMAS STELLA DUCE 2,DI YOGYAKARTA,KOTA YOGYAKARTA,SMA
465,20219264,SMA SANTA MARIA 2,JAWA BARAT,KOTA BANDUNG,SMA
466,20231316,SMAS MARDI WALUYA,JAWA BARAT,KAB. BOGOR,SMA
467,20533664,SMAN 2,JAWA TIMUR,KOTA MALANG,SMA
468,20302171,SMA NEGERI 1 BANYUMAS,JAWA TENGAH,KAB. BANYUMAS,SMA
469,20307710,SMAN 1 SALAMAN,JAWA TENGAH,KAB. MAGELANG,SMA
470,20103294,SMAN 100 JAKARTA,DKI JAKARTA,KOTA JAKARTA TIMUR,SMA
471,50204503,SMA NEGERI 1 MATARAM,NUSA TENGGARA BARAT,KOTA MATARAM,SMA
472,20501703,SMAN 1 WARU,JAWA TIMUR,KAB. SIDOARJO,SMA
473,69893966,SMA GLOBAL ISLAMIC SCHOOL 2,BANTEN,KOTA TANGERANG SELATAN,SMA
474,20409801,SMA BUDI MULIA DUA,DI YOGYAKARTA,KAB. SLEMAN,SMA
475,50102004,SMAN 1 UBUD,BALI,KAB. GIANYAR,SMA
476,10303467,SMAS DON BOSCO,SUMATERA BARAT,KOTA PADANG,SMA
477,20313048,SMAN 1 GEMOLONG,JAWA TENGAH,KAB. SRAGEN,SMA
478,20229160,SMAS AVICENA CINERE,JAWA BARAT,KOTA DEPOK,SMA
479,30400382,SMAN 1 BERAU,KALIMANTAN TIMUR,KAB. BERAU,SMA
480,20313028,SMAN 2 SRAGEN,JAWA TENGAH,KAB. SRAGEN,SMA
481,20511011,SMAN 1 PACITAN,JAWA TIMUR,KAB. PACITAN,SMA
482,20515450,SMAN 1 BOYOLANGU,JAWA TIMUR,KAB. TULUNGAGUNG,SMA
483,20515431,SMAN 1 KAUMAN,JAWA TIMUR,KAB. TULUNGAGUNG,SMA
484,20584790,MAN 2 TULUNGAGUNG,JAWA TIMUR,KAB. TULUNGAGUNG,MA
485,20580044,MAN 1 KOTA KEDIRI,JAWA TIMUR,KOTA KEDIRI,MA
486,69880982,SMA BINA INSAN MANDIRI,JAWA TIMUR,KAB. NGANJUK,SMA
487,10403985,SMA NEGERI 1 PEKANBARU,RIAU,KOTA PEKANBARU,SMA
488,20268809,SMAS IT NURURRAHMAN,JAWA BARAT,KOTA DEPOK,SMA
489,20361201,SMAS INSAN CENDIKIA AL-MUJTABA,JAWA TENGAH,KAB. SUKOHARJO,SMA
490,10310795,SMAN 3 PAINAN,SUMATERA BARAT,KAB. PESISIR SELATAN,SMA
491,30401490,SMAN 2 BALIKPAPAN UTARA,KALIMANTAN TIMUR,KOTA BALIKPAPAN,SMA
492,20603372,SMAS PRAMITA CURUG,BANTEN,KAB. TANGERANG,SMA
493,20219324,SMAN 9 BANDUNG,JAWA BARAT,KOTA BANDUNG,SMA
494,30401786,SMAN 1 BONTANG,KALIMANTAN TIMUR,KOTA BONTANG,SMA
495,20219790,SMAS LABORATORIUM - PERCONTOHAN UPI,JAWA BARAT,KOTA BANDUNG,SMA
496,20532163,SMAS MUHAMMADIYAH 2,JAWA TIMUR,KOTA SURABAYA,SMA
497,20363090,MAS NU BANAT KUDUS,JAWA TENGAH,KAB. KUDUS,MA
498,20302169,SMAN 5 PURWOKERTO,JAWA TENGAH,KAB. BANYUMAS,SMA
499,20301902,SMKS TELEKOMUNIKASI SANDHY PUTRA PURWOKERTO,JAWA TENGAH,KAB. BANYUMAS,SMK
500,10702412,SMAN 5 BENGKULU,BENGKULU,KOTA BENGKULU,SMA
501,11000433,SMAN 1 TANJUNGPINANG,KEPULAUAN RIAU,KOTA TANJUNGPINANG,SMA
502,20200685,SMAN 1 CIAWI BOGOR,JAWA BARAT,KAB. BOGOR,SMA
503,20219248,SMAN 24 BANDUNG,JAWA BARAT,KOTA BANDUNG,SMA
504,20507726,SMAN 1 GEGER,JAWA TIMUR,KAB. MADIUN,SMA
505,20102569,SMAN 74 JAKARTA,DKI JAKARTA,KOTA JAKARTA SELATAN,SMA
506,11002199,SMAN 5 BATAM,KEPULAUAN RIAU,KOTA BATAM,SMA
507,69965701,SMAIT ABU BAKAR BOARDING SCHOOL KULON PROGO,DI YOGYAKARTA,KAB. KULON PROGO,SMA
508,20606502,SMAS ASY SYUKRIYAH,BANTEN,KOTA TANGERANG,SMA
509,20515429,SMAN 1 NGUNUT,JAWA TIMUR,KAB. TULUNGAGUNG,SMA
510,69977851,MA ISLAM TERPADU DARUL FIKRI,JAWA TIMUR,KAB. SIDOARJO,MA
511,70008990,SMA ISLAM AL AZHAR 22,JAWA BARAT,KAB. BEKASI,SMA
512,20224136,SMK NEGERI 1 CIMAHI,JAWA BARAT,KOTA CIMAHI,SMK
513,20200885,SMAN 1 CIBINONG,JAWA BARAT,KAB. BOGOR,SMA
514,20501700,SMAN 4 SIDOARJO,JAWA TIMUR,KAB. SIDOARJO,SMA
515,20309684,SMAN 1 CAWAS,JAWA TENGAH,KAB. KLATEN,SMA
516,10210858,SMAN 5 MEDAN,SUMATERA UTARA,KOTA MEDAN,SMA
517,20219249,SMAN 23 BANDUNG,JAWA BARAT,KOTA BANDUNG,SMA
518,20522640,SMAN 1 SITUBONDO,JAWA TIMUR,KAB. SITUBONDO,SMA
519,20300727,SMA NEGERI 3 CILACAP,JAWA TENGAH,KAB. CILACAP,SMA
520,20532244,SMAN 11 SURABAYA,JAWA TIMUR,KOTA SURABAYA,SMA
521,20219720,SMAS DARUL HIKAM BANDUNG,JAWA BARAT,KOTA BANDUNG,SMA
522,20517737,SMAN 1 TUREN,JAWA TIMUR,KAB. MALANG,SMA
523,20221561,SMAN 3 SUKABUMI,JAWA BARAT,KOTA SUKABUMI,SMA
524,20339023,SMA NEGERI 2 PATI,JAWA TENGAH,KAB. PATI,SMA
525,10601344,SMAN 4 LAHAT,SUMATERA SELATAN,KAB. LAHAT,SMA
526,20501784,SMAN 1 KRIAN,JAWA TIMUR,KAB. SIDOARJO,SMA
527,20404175,SMAS PANGUDI LUHUR,DI YOGYAKARTA,KOTA YOGYAKARTA,SMA
528,20280604,SMAS FUTURE GATE,JAWA BARAT,KOTA BEKASI,SMA
529,20102211,SMAN 43 JAKARTA,DKI JAKARTA,KOTA JAKARTA SELATAN,SMA
530,20401125,SMAN 1 SEYEGAN,DI YOGYAKARTA,KAB. SLEMAN,SMA
531,20223033,SMAN 2 BEKASI,JAWA BARAT,KOTA BEKASI,SMA
532,20103787,SMKN 26 JAKARTA,DKI JAKARTA,KOTA JAKARTA TIMUR,SMK
533,20323399,SMA NEGERI 1 KEDUNGWUNI,JAWA TENGAH,KAB. PEKALONGAN,SMA
534,20222364,SMAN 1 CIREBON,JAWA BARAT,KOTA CIREBON,SMA
535,20532151,SMA KATOLIK ST LOUIS 2,JAWA TIMUR,KOTA SURABAYA,SMA
536,20317501,SMAN 2 KUDUS,JAWA TENGAH,KAB. KUDUS,SMA
537,20277119,MAN 2 KOTA BOGOR,JAWA BARAT,KOTA BOGOR,MA
538,20327971,SMAN 6 SURAKARTA,JAWA TENGAH,KOTA SURAKARTA,SMA
539,20402807,SMA NEGERI 1 KALIBAWANG,DI YOGYAKARTA,KAB. KULON PROGO,SMA
540,20309690,SMAN 3 KLATEN,JAWA TENGAH,KAB. KLATEN,SMA
541,20103279,SMAN 9 JAKARTA,DKI JAKARTA,KOTA JAKARTA TIMUR,SMA
542,20400372,SMA NEGERI 1 SEDAYU,DI YOGYAKARTA,KAB. BANTUL,SMA
543,69757388,SMAS IT RAUDHATUL JANNAH,BANTEN,KOTA CILEGON,SMA
544,20534122,SMAN 3 TARUNA ANGKASA MADIUN,JAWA TIMUR,KOTA MADIUN,SMA
545,50102081,SMAN 1 SUKAWATI,BALI,KAB. GIANYAR,SMA
546,20532218,SMAN 18 SURABAYA,JAWA TIMUR,KOTA SURABAYA,SMA
547,10206580,SMAN 1 MATAULI PANDAN,SUMATERA UTARA,KAB. TAPANULI TENGAH,SMA
548,20309681,SMAN 1 JOGONALAN,JAWA TENGAH,KAB. KLATEN,SMA
549,10211702,SMAN 4 PEMATANG SIANTAR,SUMATERA UTARA,KOTA PEMATANGSIANTAR,SMA
550,20101621,SMAN 23 JAKARTA,DKI JAKARTA,KOTA JAKARTA BARAT,SMA
551,20307677,SMAN 1 DUKUN,JAWA TENGAH,KAB. MAGELANG,SMA
552,69961248,SMA IT PUTRI AL HANIF,BANTEN,KOTA CILEGON,SMA
553,20324216,SMAN 1 PEMALANG,JAWA TENGAH,KAB. PEMALANG,SMA
554,20503408,SMA NEGERI MOJOAGUNG,JAWA TIMUR,KAB. JOMBANG,SMA
555,20508480,SMAN 1 NGAWI,JAWA TIMUR,KAB. NGAWI,SMA
556,10498808,MAN 1 PEKANBARU,RIAU,KOTA PEKANBARU,MA
557,50103117,SMKN 2 DENPASAR,BALI,KOTA DENPASAR,SMK
558,20606271,SMAN 2 KRAKATAU STEEL CILEGON,BANTEN,KOTA CILEGON,SMA
559,20606542,SMAS BUDI LUHUR,BANTEN,KOTA TANGERANG,SMA
560,20533803,SMKS TELKOM SANDHY PUTRA,JAWA TIMUR,KOTA MALANG,SMK
561,69992187,SMA AL WAFI IBS,JAWA BARAT,KAB. BOGOR,SMA
562,10210856,SMAN 3 MEDAN,SUMATERA UTARA,KOTA MEDAN,SMA
563,20605093,SMAN 1 KOTA SERANG,BANTEN,KOTA SERANG,SMA
564,20534120,SMAN 5 MADIUN,JAWA TIMUR,KOTA MADIUN,SMA
565,11003325,MAN BATAM,KEPULAUAN RIAU,KOTA BATAM,MA
566,20100803,SMAN 111 JAKARTA,DKI JAKARTA,KOTA JAKARTA UTARA,SMA
567,20623317,MAN 1 KOTA TANGERANG SELATAN,BANTEN,KOTA TANGERANG SELATAN,MA
568,20223068,SMAS PANGUDI LUHUR II,JAWA BARAT,KOTA BEKASI,SMA
569,20318343,SMA NEGERI 1 JEPARA,JAWA TENGAH,KAB. JEPARA,SMA
570,60403474,SMAS AVEROS,PAPUA BARAT,KOTA SORONG,SMA
571,20504478,SMAN 2 BOJONEGORO,JAWA TIMUR,KAB. BOJONEGORO,SMA
572,20224511,SMA NEGERI 1 TASIKMALAYA,JAWA BARAT,KOTA TASIKMALAYA,SMA
573,20223067,SMAS ISLAM PANGLIMA BESAR SOEDIRMAN,JAWA BARAT,KOTA BEKASI,SMA
574,20538394,SMAN 1 KERTOSONO,JAWA TIMUR,KAB. NGANJUK,SMA
575,20540294,SMA DARUL ULUM 2 UNGGULAN BPPT,JAWA TIMUR,KAB. JOMBANG,SMA
576,69765014,SMAS ALBANNA,BALI,KOTA DENPASAR,SMA
577,10307525,SMAN 3 BUKITTINGGI,SUMATERA BARAT,KOTA BUKITTINGGI,SMA
578,20100210,SMAN 5 JAKARTA,DKI JAKARTA,KOTA JAKARTA PUSAT,SMA
579,20402116,SMAN 1 SEMIN,DI YOGYAKARTA,KAB. GUNUNG KIDUL,SMA
580,69982590,SMA AL WILDAN ISLAMIC SCHOOL,BANTEN,KAB. TANGERANG,SMA
581,20328911,SMA NEGERI 12,JAWA TENGAH,KOTA SEMARANG,SMA
582,20327979,SMAS MTA SURAKARTA,JAWA TENGAH,KOTA SURAKARTA,SMA
583,20327608,SMKN 1 MAGELANG,JAWA TENGAH,KOTA MAGELANG,SMK
584,10609706,SMA XAVERIUS 03 PALEMBANG,SUMATERA SELATAN,KOTA PALEMBANG,SMA
585,20533610,SMAS LABORATORIUM UM,JAWA TIMUR,KOTA MALANG,SMA
586,20177948,MAS PEMBANGUNAN UIN,DKI JAKARTA,KOTA JAKARTA SELATAN,MA
587,20229166,SMAN 4 KOTA DEPOK,JAWA BARAT,KOTA DEPOK,SMA
588,20317483,SMAN 1 BAE KUDUS,JAWA TENGAH,KAB. KUDUS,SMA
589,20237987,SMAN 1 CIKARANG PUSAT,JAWA BARAT,KAB. BEKASI,SMA
590,20314884,SMAN 1 CEPU,JAWA TENGAH,KAB. BLORA,SMA
591,20510147,SMAN 2 PONOROGO,JAWA TIMUR,KAB. PONOROGO,SMA
592,20509318,SMAN 1 MAGETAN,JAWA TIMUR,KAB. MAGETAN,SMA
593,10303905,SMAN 2 PAYAKUMBUH,SUMATERA BARAT,KOTA PAYAKUMBUH,SMA
594,20328866,SMA NEGERI 08,JAWA TENGAH,KOTA SEMARANG,SMA
595,69980514,MAN INSAN CENDEKIA KOTA PALU,SULAWESI TENGAH,KOTA PALU,MA
596,20219316,SMAN 7 BANDUNG,JAWA BARAT,KOTA BANDUNG,SMA
597,20219782,SMA PGII 1,JAWA BARAT,KOTA BANDUNG,SMA
598,20223045,SMAN 4 BEKASI,JAWA BARAT,KOTA BEKASI,SMA
599,20503415,SMA NEGERI 1 JOMBANG,JAWA TIMUR,KAB. JOMBANG,SMA
600,20327566,SMAN 5 MAGELANG,JAWA TENGAH,KOTA MAGELANG,SMA
601,20327967,SMAN 2 SURAKARTA,JAWA TENGAH,KOTA SURAKARTA,SMA
602,20329508,SMA Negeri 3 Pekalongan,JAWA TENGAH,KOTA PEKALONGAN,SMA
603,20220337,SMAN 8 BOGOR,JAWA BARAT,KOTA BOGOR,SMA
604,20363001,MAS WATHONIYAH ISLAMIYAH KARANGDUWUR,JAWA TENGAH,KAB. KEBUMEN,MA
605,20328899,SMA NEGERI 14,JAWA TENGAH,KOTA SEMARANG,SMA
606,20312173,SMAN KARANGPANDAN,JAWA TENGAH,KAB. KARANGANYAR,SMA
607,20402796,SMA NEGERI 1 SENTOLO,DI YOGYAKARTA,KAB. KULON PROGO,SMA
608,20103258,SMAN 93 JAKARTA,DKI JAKARTA,KOTA JAKARTA TIMUR,SMA
609,20206209,SMAN 1 MARGAHAYU,JAWA BARAT,KAB. BANDUNG,SMA
610,20534387,SMAN 3 KEDIRI,JAWA TIMUR,KOTA KEDIRI,SMA
611,20229186,SMAS YASPEN TUGU IBU,JAWA BARAT,KOTA DEPOK,SMA
612,20305013,SMAN 1 KUTOWINANGUN,JAWA TENGAH,KAB. KEBUMEN,SMA
613,20329844,SMAN 4 TEGAL,JAWA TENGAH,KOTA TEGAL,SMA
614,20302104,SMKN 1 BANYUMAS,JAWA TENGAH,KAB. BANYUMAS,SMK
615,20533638,SMAS KATOLIK COR YESU,JAWA TIMUR,KOTA MALANG,SMA
616,10210857,SMAN 4 MEDAN,SUMATERA UTARA,KOTA MEDAN,SMA
617,20580048,MAN 2 KOTA MADIUN,JAWA TIMUR,KOTA MADIUN,MA
618,20318337,SMA NEGERI 1 WELAHAN,JAWA TENGAH,KAB. JEPARA,SMA
619,20339022,SMA NEGERI 1 TAYU,JAWA TENGAH,KAB. PATI,SMA
620,20103784,SMKN 48 JAKARTA,DKI JAKARTA,KOTA JAKARTA TIMUR,SMK
621,20606829,SMAN 7 TANGERANG,BANTEN,KOTA TANGERANG,SMA
622,20501862,SMAN 1 GEDANGAN,JAWA TIMUR,KAB. SIDOARJO,SMA
623,20363282,MAN 2 YOGYAKARTA,DI YOGYAKARTA,KOTA YOGYAKARTA,MA
624,30304260,SMAN 7 BANJARMASIN,KALIMANTAN SELATAN,KOTA BANJARMASIN,SMA
625,20100223,SMAN 27 JAKARTA,DKI JAKARTA,KOTA JAKARTA PUSAT,SMA
626,20300732,SMA NEGERI 1 MAJENANG,JAWA TENGAH,KAB. CILACAP,SMA
627,20340792,SMKN 1 KARANGANYAR,JAWA TENGAH,KAB. KARANGANYAR,SMK
628,20321428,SMA NEGERI 1 PARAKAN,JAWA TENGAH,KAB. TEMANGGUNG,SMA
629,20319300,SMAN 2 MRANGGEN,JAWA TENGAH,KAB. DEMAK,SMA
630,20584466,MAN 2 PONOROGO,JAWA TIMUR,KAB. PONOROGO,MA
631,20100796,SMAN 72 JAKARTA,DKI JAKARTA,KOTA JAKARTA UTARA,SMA
632,20223032,SMAN 11 BEKASI,JAWA BARAT,KOTA BEKASI,SMA
633,20206151,SMAN 1 BALEENDAH,JAWA BARAT,KAB. BANDUNG,SMA
634,69947314,SMA ISLAM TERPADU BAITUSSALAM,DI YOGYAKARTA,KAB. SLEMAN,SMA
635,20362426,SMAS ISLAM AL-AZHAR SOLO BARU,JAWA TENGAH,KAB. SUKOHARJO,SMA
636,20330459,SMKN 1 PURWOKERTO,JAWA TENGAH,KAB. BANYUMAS,SMK
637,30304597,SMAN 1 BANJARBARU,KALIMANTAN SELATAN,KOTA BANJARBARU,SMA
638,69946189,SMA MUHAMMADIYAH 10 GKB GRESIK,JAWA TIMUR,KAB. GRESIK,SMA
639,20203739,SMAN 1 CIANJUR,JAWA BARAT,KAB. CIANJUR,SMA
640,20300731,SMA NEGERI 1 MAOS,JAWA TENGAH,KAB. CILACAP,SMA
641,10302476,SMAN 1 BATU SANGKAR,SUMATERA BARAT,KAB. TANAH DATAR,SMA
642,20320386,SMA NEGERI 1 BERGAS,JAWA TENGAH,KAB. SEMARANG,SMA
643,20308442,SMAN 1 SIMO,JAWA TENGAH,KAB. BOYOLALI,SMA
644,20328878,SMA NEGERI 10,JAWA TENGAH,KOTA SEMARANG,SMA
645,69857938,SMAN 12 KOTA DEPOK,JAWA BARAT,KOTA DEPOK,SMA
646,10263738,MAN 1 KOTA BUKITTINGGI,SUMATERA BARAT,KOTA BUKITTINGGI,MA
647,69886285,SMA ISLAM AL-FAJAR,JAWA BARAT,KOTA BEKASI,SMA
648,20220341,SMAN 10 BOGOR,JAWA BARAT,KOTA BOGOR,SMA
649,20219306,SMAN 6 BANDUNG,JAWA BARAT,KOTA BANDUNG,SMA
650,20532167,SMAS LUQMAN AL HAKIM,JAWA TIMUR,KOTA SURABAYA,SMA
651,20101627,SMAN 101 JAKARTA,DKI JAKARTA,KOTA JAKARTA BARAT,SMA
652,20103311,SMAN 53 JAKARTA,DKI JAKARTA,KOTA JAKARTA TIMUR,SMA
653,20229168,SMAN 6 KOTA DEPOK,JAWA BARAT,KOTA DEPOK,SMA
654,30201459,SMAN 1 SAMPIT,KALIMANTAN TENGAH,KAB. KOTAWARINGIN TIMUR,SMA
655,10307309,SMAN 1 PARIAMAN,SUMATERA BARAT,KOTA PARIAMAN,SMA
656,20321907,SMAN 1 KENDAL,JAWA TENGAH,KAB. KENDAL,SMA
657,20534408,SMKN 2 KEDIRI,JAWA TIMUR,KOTA KEDIRI,SMK
658,10807063,SMAN 2 BANDAR LAMPUNG,LAMPUNG,KOTA BANDAR LAMPUNG,SMA
659,20229167,SMAN 5 KOTA DEPOK,JAWA BARAT,KOTA DEPOK,SMA
660,20107305,SMA ISLAM AL-AZHAR 2 JAKARTA,DKI JAKARTA,KOTA JAKARTA SELATAN,SMA
661,50100337,SMAN 1 SINGARAJA,BALI,KAB. BULELENG,SMA
662,20219776,SMAS PLUS AL GHIFARI BANDUNG,JAWA BARAT,KOTA BANDUNG,SMA
663,20533613,SMAS PANJURA,JAWA TIMUR,KOTA MALANG,SMA
664,20534749,SMAN 2,JAWA TIMUR,KOTA MOJOKERTO,SMA
665,20519298,SMAN 1 PURWOSARI,JAWA TIMUR,KAB. PASURUAN,SMA
666,10807561,SMAN 1 METRO,LAMPUNG,KOTA METRO,SMA
667,20224114,SMA NEGERI 3 CIMAHI,JAWA BARAT,KOTA CIMAHI,SMA
668,20603267,SMAN 7 KOTA TANGERANG SELATAN,BANTEN,KOTA TANGERANG SELATAN,SMA
669,20270492,SMAN 8 DEPOK,JAWA BARAT,KOTA DEPOK,SMA
670,20329509,SMA Negeri 4 Pekalongan,JAWA TENGAH,KOTA PEKALONGAN,SMA
671,20532205,SMKN 1 SURABAYA,JAWA TIMUR,KOTA SURABAYA,SMK
672,10300299,SMA NEGERI 1 AMPEK ANGKEK,SUMATERA BARAT,KAB. AGAM,SMA
673,20402810,SMA NEGERI 1 PENGASIH,DI YOGYAKARTA,KAB. KULON PROGO,SMA
674,20330330,SMKN 1 GOMBONG,JAWA TENGAH,KAB. KEBUMEN,SMK
675,20362990,MAN 2 KEBUMEN,JAWA TENGAH,KAB. KEBUMEN,MA
676,20535052,SMAN 3 BLITAR,JAWA TIMUR,KOTA BLITAR,SMA
677,20227474,SMAN 1 GARUT,JAWA BARAT,KAB. GARUT,SMA
678,20302170,SMAN 1 AJIBARANG,JAWA TENGAH,KAB. BANYUMAS,SMA
679,20323398,SMA NEGERI 1 KAJEN,JAWA TENGAH,KAB. PEKALONGAN,SMA
680,20177960,MAN 9 JAKARTA,DKI JAKARTA,KOTA JAKARTA TIMUR,MA
681,20303231,SMAN 1 BOBOTSARI,JAWA TENGAH,KAB. PURBALINGGA,SMA
682,20541242,SMAN 1 SUMBERREJO,JAWA TIMUR,KAB. BOJONEGORO,SMA
683,30304598,SMAN 2 BANJARBARU,KALIMANTAN SELATAN,KOTA BANJARBARU,SMA
684,20606289,SMAN 1 CILEGON,BANTEN,KOTA CILEGON,SMA
685,40311951,SMAN 17 MAKASSAR,SULAWESI SELATAN,KOTA MAKASSAR,SMA
686,20532243,SMAN 10 SURABAYA,JAWA TIMUR,KOTA SURABAYA,SMA
687,20223043,SMAN 6 BEKASI,JAWA BARAT,KOTA BEKASI,SMA
688,20103312,SMAN 51 JAKARTA,DKI JAKARTA,KOTA JAKARTA TIMUR,SMA
689,20100219,SMAN 24 JAKARTA,DKI JAKARTA,KOTA JAKARTA PUSAT,SMA
690,50103170,SMAS SARASWATI,BALI,KOTA DENPASAR,SMA
691,20554539,SMAS BRAWIJAYA SMART SCHOOL,JAWA TIMUR,KOTA MALANG,SMA
692,10502884,SMAN TITIAN TERAS,JAMBI,KAB. MUARO JAMBI,SMA
693,20322741,SMA NEGERI 1 SUBAH,JAWA TENGAH,KAB. BATANG,SMA
694,20362828,MAN 2 CILACAP,JAWA TENGAH,KAB. CILACAP,MA
695,20330346,SMAS AL ISLAM 1 SURAKARTA,JAWA TENGAH,KOTA SURAKARTA,SMA
696,20509317,SMAN 1 MAOSPATI,JAWA TIMUR,KAB. MAGETAN,SMA
697,20501702,SMAN 2 SIDOARJO,JAWA TIMUR,KAB. SIDOARJO,SMA
698,20223040,SMAN 9 BEKASI,JAWA BARAT,KOTA BEKASI,SMA
699,50103126,SMAN 2 DENPASAR,BALI,KOTA DENPASAR,SMA
700,20401193,SMKN 1 DEPOK,DI YOGYAKARTA,KAB. SLEMAN,SMK
701,20523826,SMAN 4 JEMBER,JAWA TIMUR,KAB. JEMBER,SMA
702,20320241,SMA NEGERI 2 UNGARAN,JAWA TENGAH,KAB. SEMARANG,SMA
703,20229147,SMAS BINTARA DEPOK,JAWA BARAT,KOTA DEPOK,SMA
704,20309691,SMKN 1 KLATEN,JAWA TENGAH,KAB. KLATEN,SMK
705,20411884,MAN 2 KULON PROGO,DI YOGYAKARTA,KAB. KULON PROGO,MA
706,20321448,SMK NEGERI 2 TEMANGGUNG,JAWA TENGAH,KAB. TEMANGGUNG,SMK
707,20327586,SMKN 2 MAGELANG,JAWA TENGAH,KOTA MAGELANG,SMK
708,20584134,MAN 1 BLITAR,JAWA TIMUR,KAB. BLITAR,MA
709,20310420,SMAN 2 SUKOHARJO,JAWA TENGAH,KAB. SUKOHARJO,SMA
710,20363221,MAS PPMI ASSALAAM,JAWA TENGAH,KAB. SUKOHARJO,MA
711,20400416,SMK NEGERI 1 BANTUL,DI YOGYAKARTA,KAB. BANTUL,SMK
712,20402795,SMA NEGERI 1 TEMON,DI YOGYAKARTA,KAB. KULON PROGO,SMA
713,60725017,MAN 10 JAKARTA,DKI JAKARTA,KOTA JAKARTA BARAT,MA
714,20215991,SMAN 1 SINDANG,JAWA BARAT,KAB. INDRAMAYU,SMA
715,20219247,SMAN 25 BANDUNG,JAWA BARAT,KOTA BANDUNG,SMA
716,10497552,SMA IT AL ITTIHAD,RIAU,KOTA PEKANBARU,SMA
717,20533816,SMKN 4 MALANG,JAWA TIMUR,KOTA MALANG,SMK
718,20100218,SMAN 20 JAKARTA,DKI JAKARTA,KOTA JAKARTA PUSAT,SMA
719,20330332,SMKN 1 KEBUMEN,JAWA TENGAH,KAB. KEBUMEN,SMK
720,20219238,SMAN 15 BANDUNG,JAWA BARAT,KOTA BANDUNG,SMA
721,20220334,SMAN 4 BOGOR,JAWA BARAT,KOTA BOGOR,SMA
722,20331830,SMKS FARMASI NASIONAL SURAKARTA,JAWA TENGAH,KOTA SURAKARTA,SMK
723,20505026,SMKN 1 TUBAN,JAWA TIMUR,KAB. TUBAN,SMK
724,69943715,SMA AL ADZKAR,BANTEN,KOTA TANGERANG SELATAN,SMA
725,20306806,SMA NEGERI 2 WONOSOBO,JAWA TENGAH,KAB. WONOSOBO,SMA
726,20303246,SMAN 2 PURBALINGGA,JAWA TENGAH,KAB. PURBALINGGA,SMA
727,20223136,SMKN 1 KOTA BEKASI,JAWA BARAT,KOTA BEKASI,SMK
728,20325279,SMAN 3 SLAWI,JAWA TENGAH,KAB. TEGAL,SMA
729,20219240,SMAN 13 BANDUNG,JAWA BARAT,KOTA BANDUNG,SMA
730,20231308,SMAS KORNITA,JAWA BARAT,KAB. BOGOR,SMA
731,20305025,SMAN 2 KEBUMEN,JAWA TENGAH,KAB. KEBUMEN,SMA
732,50101121,SMAN 1 TABANAN,BALI,KAB. TABANAN,SMA
733,20502724,SMAN 1 MOJOSARI,JAWA TIMUR,KAB. MOJOKERTO,SMA
734,20305026,SMAN 1 PREMBUN,JAWA TENGAH,KAB. KEBUMEN,SMA
735,10901156,SMKN 1 PANGKALPINANG,KEPULAUAN BANGKA BELITUNG,KOTA PANGKALPINANG,SMK
736,20584616,MAN SIDOARJO,JAWA TIMUR,KAB. SIDOARJO,MA
737,50101696,SMAN 1 KUTA UTARA,BALI,KAB. BADUNG,SMA
738,20508468,SMKN 1 NGAWI,JAWA TIMUR,KAB. NGAWI,SMK
739,20275048,SMAN 16 BEKASI,JAWA BARAT,KOTA BEKASI,SMA
740,20501695,SMKN 2 BUDURAN,JAWA TIMUR,KAB. SIDOARJO,SMK
741,20323503,SMA NEGERI 1 WIRADESA,JAWA TENGAH,KAB. PEKALONGAN,SMA
742,20322744,SMA NEGERI 1 BATANG,JAWA TENGAH,KAB. BATANG,SMA
743,20229150,SMAS CAKRA BUANA,JAWA BARAT,KOTA DEPOK,SMA
744,20219277,SMAS YAS BANDUNG,JAWA BARAT,KOTA BANDUNG,SMA
745,20519303,SMAN 1 BANGIL,JAWA TIMUR,KAB. PASURUAN,SMA
746,20219257,SMAN 10 BANDUNG,JAWA BARAT,KOTA BANDUNG,SMA
747,20531146,SMAN 1 BANGKALAN,JAWA TIMUR,KAB. BANGKALAN,SMA
748,50103632,SMAN 8 DENPASAR,BALI,KOTA DENPASAR,SMA
749,20317499,SMKN 1 KUDUS,JAWA TENGAH,KAB. KUDUS,SMK
750,20107306,SMAS ISLAM AL-AZHAR 3 JAKARTA,DKI JAKARTA,KOTA JAKARTA SELATAN,SMA
751,20533813,SMKN 1 MALANG,JAWA TIMUR,KOTA MALANG,SMK
752,10303090,SMA N 1 PASAMAN,SUMATERA BARAT,KAB. PASAMAN BARAT,SMA
753,20320244,SMA NEGERI 1 TENGARAN,JAWA TENGAH,KAB. SEMARANG,SMA
754,10263753,MAS KMI DINIYAH PUTERI,SUMATERA BARAT,KOTA PADANG PANJANG,MA
755,20532232,SMAN 21 SURABAYA,JAWA TIMUR,KOTA SURABAYA,SMA
756,20107289,SMA CHARITAS,DKI JAKARTA,KOTA JAKARTA SELATAN,SMA
757,20403144,SMAS SANTA MARIA,DI YOGYAKARTA,KOTA YOGYAKARTA,SMA
758,20231717,SMAS NASIONAL 1,JAWA BARAT,KOTA BEKASI,SMA
759,20238003,SMAS AL - MUSLIM,JAWA BARAT,KAB. BEKASI,SMA
760,30304280,SMAN 1 BANJARMASIN,KALIMANTAN SELATAN,KOTA BANJARMASIN,SMA
761,10303781,SMAN 1 SOLOK,SUMATERA BARAT,KOTA SOLOK,SMA
762,20220316,SMAS PESAT,JAWA BARAT,KOTA BOGOR,SMA
763,20313845,SMAN 1 PURWODADI,JAWA TENGAH,KAB. GROBOGAN,SMA
764,20510100,SMKN 1 PONOROGO,JAWA TIMUR,KAB. PONOROGO,SMK
765,20613768,SMAN 6 KOTA TANGERANG SELATAN,BANTEN,KOTA TANGERANG SELATAN,SMA
766,20403295,SMKN 7 YOGYAKARTA,DI YOGYAKARTA,KOTA YOGYAKARTA,SMK
767,20514351,SMAN 1 GARUM,JAWA TIMUR,KAB. BLITAR,SMA
768,20331899,SMA DON BOSKO,JAWA TENGAH,KOTA SEMARANG,SMA
769,20218378,SMAN 1 CIKARANG SELATAN,JAWA BARAT,KAB. BEKASI,SMA
770,20224112,SMA NEGERI 5 CIMAHI,JAWA BARAT,KOTA CIMAHI,SMA
771,20101605,SMAN 56 JAKARTA,DKI JAKARTA,KOTA JAKARTA BARAT,SMA
772,20521711,SMAN 2 BONDOWOSO,JAWA TIMUR,KAB. BONDOWOSO,SMA
773,10203537,SMAN 1 SIDIKALANG,SUMATERA UTARA,KAB. DAIRI,SMA
774,20107589,SMAS GLOBAL ISLAMIC SCHOOL,DKI JAKARTA,KOTA JAKARTA TIMUR,SMA
775,20101583,SMAN 96 JAKARTA,DKI JAKARTA,KOTA JAKARTA BARAT,SMA
776,20534385,SMA NEGERI 5 TARUNA BRAWIJAYA JAWA TIMUR,JAWA TIMUR,KOTA KEDIRI,SMA
777,20532211,SMKN 5 SURABAYA,JAWA TIMUR,KOTA SURABAYA,SMK
778,20517732,SMAN 1 PAGAK,JAWA TIMUR,KAB. MALANG,SMA
779,20328910,SMA NEGERI 13,JAWA TENGAH,KOTA SEMARANG,SMA
780,69972822,SMA IT ADZKIA,JAWA BARAT,KAB. SUKABUMI,SMA
781,30401058,SMA Negeri 3 Samarinda,KALIMANTAN TIMUR,KOTA SAMARINDA,SMA
782,20102587,SMKN 20 JAKARTA,DKI JAKARTA,KOTA JAKARTA SELATAN,SMK
783,69872144,SMAN 19 BATAM,KEPULAUAN RIAU,KOTA BATAM,SMA
784,20100779,SMAN 75 JAKARTA,DKI JAKARTA,KOTA JAKARTA UTARA,SMA
785,20504480,SMAN 4 BOJONEGORO,JAWA TIMUR,KAB. BOJONEGORO,SMA
786,10303610,SMAN 2 PADANG PANJANG,SUMATERA BARAT,KOTA PADANG PANJANG,SMA
787,20607924,SMAN 15 TANGERANG,BANTEN,KOTA TANGERANG,SMA
788,20177956,MAN 8 JAKARTA,DKI JAKARTA,KOTA JAKARTA TIMUR,MA
789,20534383,SMAN 7 KEDIRI,JAWA TIMUR,KOTA KEDIRI,SMA
790,20318339,SMA NEGERI 1 PECANGAAN,JAWA TENGAH,KAB. JEPARA,SMA
791,20532118,SMAS TRI MURTI SURABAYA,JAWA TIMUR,KOTA SURABAYA,SMA
792,20538325,SMAN 1 TANJUNGANOM,JAWA TIMUR,KAB. NGANJUK,SMA
793,30403011,SMAS SF Assisi Samarinda,KALIMANTAN TIMUR,KOTA SAMARINDA,SMA
794,11000434,SMAN 2 TANJUNGPINANG,KEPULAUAN RIAU,KOTA TANJUNGPINANG,SMA
795,20606847,SMAN 3 TANGERANG,BANTEN,KOTA TANGERANG,SMA
796,20363180,MAN PURBALINGGA,JAWA TENGAH,KAB. PURBALINGGA,MA
797,20339024,SMA NEGERI 3 PATI,JAWA TENGAH,KAB. PATI,SMA
798,20219145,SMKN 3 BANDUNG,JAWA BARAT,KOTA BANDUNG,SMK
799,20506254,SMA NEGERI 2 LAMONGAN,JAWA TIMUR,KAB. LAMONGAN,SMA
800,20317493,SMAN 1 JEKULO KUDUS,JAWA TENGAH,KAB. KUDUS,SMA
801,20219239,SMAN 14 BANDUNG,JAWA BARAT,KOTA BANDUNG,SMA
802,20253307,SMKN 3 KOTA BEKASI,JAWA BARAT,KOTA BEKASI,SMK
803,20224540,SMA AL MUTTAQIN,JAWA BARAT,KOTA TASIKMALAYA,SMA
804,69933838,SMA IT FITHRAH INSANI,JAWA BARAT,KAB. BANDUNG BARAT,SMA
805,20523845,SMAN 1 KENCONG,JAWA TIMUR,KAB. JEMBER,SMA
806,20311307,SMAN 1 BATURETNO,JAWA TENGAH,KAB. WONOGIRI,SMA
807,20613785,SMAN 23 KABUPATEN TANGERANG,BANTEN,KAB. TANGERANG,SMA
808,10404022,SMAS SANTA MARIA,RIAU,KOTA PEKANBARU,SMA
809,10219919,SMAS HARAPAN 3 DELI TUA,SUMATERA UTARA,KAB. DELI SERDANG,SMA
810,20103293,SMAN 102 JAKARTA,DKI JAKARTA,KOTA JAKARTA TIMUR,SMA
811,20303240,SMKN 1 PURBALINGGA,JAWA TENGAH,KAB. PURBALINGGA,SMK
812,50103179,SMAS KRISTEN HARAPAN,BALI,KOTA DENPASAR,SMA
813,20529954,SMAN 1 SUMENEP,JAWA TIMUR,KAB. SUMENEP,SMA
814,30405623,SMAN 2 SANGATTA UTARA,KALIMANTAN TIMUR,KAB. KUTAI TIMUR,SMA
815,50203310,SMAN 1 SUMBAWA BESAR,NUSA TENGGARA BARAT,KAB. SUMBAWA,SMA
816,20511953,SMAN 1 PARE,JAWA TIMUR,KAB. KEDIRI,SMA
817,20402817,SMK N 2 PENGASIH,DI YOGYAKARTA,KAB. KULON PROGO,SMK
818,20402124,SMAN 1 KARANGMOJO,DI YOGYAKARTA,KAB. GUNUNG KIDUL,SMA
819,20324218,SMAN 1 COMAL,JAWA TENGAH,KAB. PEMALANG,SMA
820,20220335,SMAN 6 BOGOR,JAWA BARAT,KOTA BOGOR,SMA
821,20229175,SMAS SEJAHTERA 1 DEPOK,JAWA BARAT,KOTA DEPOK,SMA
822,20364979,MAS AL HIKMAH 2,JAWA TENGAH,KAB. BREBES,MA
823,30105075,SMAS GEMBALA BAIK PONTIANAK,KALIMANTAN BARAT,KOTA PONTIANAK,SMA
824,20107320,SMAN 79 JAKARTA,DKI JAKARTA,KOTA JAKARTA SELATAN,SMA
825,20231719,SMAN 13 BEKASI,JAWA BARAT,KOTA BEKASI,SMA
826,10303504,SMAN 7 PADANG,SUMATERA BARAT,KOTA PADANG,SMA
827,10211680,SMAS KALAM KUDUS,SUMATERA UTARA,KOTA PEMATANGSIANTAR,SMA
828,50105492,SMAN BALI MANDARA,BALI,KAB. BULELENG,SMA
829,20206214,SMKN 1 KATAPANG,JAWA BARAT,KAB. BANDUNG,SMK
830,20321835,SMAN 1 SUKOREJO,JAWA TENGAH,KAB. KENDAL,SMA
831,20403280,SMKN 2 YOGYAKARTA,DI YOGYAKARTA,KOTA YOGYAKARTA,SMK
832,20222311,SMAN 6 CIREBON,JAWA BARAT,KOTA CIREBON,SMA
833,20551724,SMAN 1 SUTOJAYAN,JAWA TIMUR,KAB. BLITAR,SMA
834,69893110,SMA DAARUT TAUHIID BOARDING SCHOOL,JAWA BARAT,KAB. BANDUNG BARAT,SMA
835,20302168,SMAN 4 PURWOKERTO,JAWA TENGAH,KAB. BANYUMAS,SMA
836,20321429,SMA NEGERI 1 CANDIROTO,JAWA TENGAH,KAB. TEMANGGUNG,SMA
837,20216938,SMAN 1 SUBANG,JAWA BARAT,KAB. SUBANG,SMA
838,20525855,SMAN 1 GIRI,JAWA TIMUR,KAB. BANYUWANGI,SMA
839,20102580,SMK NEGERI 41 JAKARTA,DKI JAKARTA,KOTA JAKARTA SELATAN,SMK
840,20321974,SMAN 1 BOJA,JAWA TENGAH,KAB. KENDAL,SMA
841,10508041,MAN 1 KOTA LUBUK LINGGAU,SUMATERA SELATAN,KOTA LUBUK LINGGAU,MA
842,50103122,SMAN 5 DENPASAR,BALI,KOTA DENPASAR,SMA
843,60725005,MAN 12 JAKARTA,DKI JAKARTA,KOTA JAKARTA BARAT,MA
844,40306507,SMAS KRISTEN BARANA,SULAWESI SELATAN,KAB. TORAJA UTARA,SMA
845,69954194,SMA ISLAM AL - AZHAR 18 GRAND WISATA,JAWA BARAT,KAB. BEKASI,SMA
846,20103230,SMAS ISLAM PB SOEDIRMAN,DKI JAKARTA,KOTA JAKARTA TIMUR,SMA
847,20362931,MAN 1 JEPARA,JAWA TENGAH,KAB. JEPARA,MA
848,20270776,SMAN 2 GUNUNG PUTRI,JAWA BARAT,KAB. BOGOR,SMA
849,20580038,MAN KOTA BATU,JAWA TIMUR,KOTA BATU,MA
850,20308441,SMAN 1 TERAS,JAWA TENGAH,KAB. BOYOLALI,SMA
851,20219146,SMKN 2 BANDUNG,JAWA BARAT,KOTA BANDUNG,SMK
852,20584211,MAN 1 MALANG,JAWA TIMUR,KAB. MALANG,MA
853,50102779,SMAN 2 AMLAPURA,BALI,KAB. KARANG ASEM,SMA
854,20219144,SMKN 4 BANDUNG,JAWA BARAT,KOTA BANDUNG,SMK
855,20525861,SMAN 1 ROGOJAMPI,JAWA TIMUR,KAB. BANYUWANGI,SMA
856,20315695,SMA NEGERI 1 LASEM,JAWA TENGAH,KAB. REMBANG,SMA
857,20220321,SMAS KOSGORO,JAWA BARAT,KOTA BOGOR,SMA
858,20330282,SMAN 1 KARANGANYAR,JAWA TENGAH,KAB. KEBUMEN,SMA
859,20504487,SMAN 1 PADANGAN,JAWA TIMUR,KAB. BOJONEGORO,SMA
860,20305011,SMAN 1 KLIRONG,JAWA TENGAH,KAB. KEBUMEN,SMA
861,50101705,SMAN 1 KUTA,BALI,KAB. BADUNG,SMA
862,20229174,SMA PUTRA BANGSA,JAWA BARAT,KOTA DEPOK,SMA
863,20177959,MAN 2 JAKARTA,DKI JAKARTA,KOTA JAKARTA TIMUR,MA
864,20220338,SMAN 9 BOGOR,JAWA BARAT,KOTA BOGOR,SMA
865,20308445,SMAN 1 NGEMPLAK,JAWA TENGAH,KAB. BOYOLALI,SMA
866,20510134,SMAN 1 BADEGAN,JAWA TIMUR,KAB. PONOROGO,SMA
867,20303942,SMKN 1 BAWANG,JAWA TENGAH,KAB. BANJARNEGARA,SMK
868,20517731,SMAN 1 NGANTANG,JAWA TIMUR,KAB. MALANG,SMA
869,20220327,SMAS INSAN KAMIL,JAWA BARAT,KOTA BOGOR,SMA
870,20318318,SMK NEGERI 3 JEPARA,JAWA TENGAH,KAB. JEPARA,SMK
871,20306173,SMAN 5 PURWOREJO,JAWA TENGAH,KAB. PURWOREJO,SMA
872,20109246,SMKN 62 JAKARTA,DKI JAKARTA,KOTA JAKARTA SELATAN,SMK
873,10404013,SMA NEGERI 2 PEKANBARU,RIAU,KOTA PEKANBARU,SMA
874,20363271,MAS ALI MAKSUM,DI YOGYAKARTA,KAB. BANTUL,MA
875,10900232,SMAN 1 SUNGAI LIAT,KEPULAUAN BANGKA BELITUNG,KAB. BANGKA,SMA
876,69866096,SMA AL MINHAJ,JAWA BARAT,KAB. BOGOR,SMA
877,20218379,SMAN 2 TAMBUN SELATAN,JAWA BARAT,KAB. BEKASI,SMA
878,20623136,SMAS ISLAM TERPADU ALIA TANGERANG,BANTEN,KAB. TANGERANG,SMA
879,20319280,SMAN 1 DEMAK,JAWA TENGAH,KAB. DEMAK,SMA
880,20312189,SMAN 2 KARANGANYAR,JAWA TENGAH,KAB. KARANGANYAR,SMA
881,20325258,SMKN 1 SLAWI,JAWA TENGAH,KAB. TEGAL,SMK
882,20603346,SMAS ISLAMIC VILLAGE,BANTEN,KAB. TANGERANG,SMA
883,20511958,SMAN 1 KANDAT,JAWA TIMUR,KAB. KEDIRI,SMA
884,10303501,SMAN 4 PADANG,SUMATERA BARAT,KOTA PADANG,SMA
885,20363035,MAN SALATIGA,JAWA TENGAH,KOTA SALATIGA,MA
886,20309688,SMAN 1 WONOSARI,JAWA TENGAH,KAB. KLATEN,SMA
887,20224109,SMA NEGERI 4 CIMAHI,JAWA BARAT,KOTA CIMAHI,SMA
888,20400396,SMA PANGUDI LUHUR SEDAYU,DI YOGYAKARTA,KAB. BANTUL,SMA
889,20532233,SMAN 22 SURABAYA,JAWA TIMUR,KOTA SURABAYA,SMA
890,30401059,SMA Negeri 2 Samarinda,KALIMANTAN TIMUR,KOTA SAMARINDA,SMA
891,10210853,SMAN 2 MEDAN,SUMATERA UTARA,KOTA MEDAN,SMA
892,20274909,SMAS ISTIQAMAH,JAWA BARAT,KOTA BANDUNG,SMA
893,20310418,SMAN 1 TAWANGSARI,JAWA TENGAH,KAB. SUKOHARJO,SMA
894,20231720,SMAN 14 BEKASI,JAWA BARAT,KOTA BEKASI,SMA
895,20312172,SMAN KEBAKKRAMAT,JAWA TENGAH,KAB. KARANGANYAR,SMA
896,69984672,SMAIT NURUL ILMI,JAMBI,KOTA JAMBI,SMA
897,20300729,SMA NEGERI 1 SIDAREJA,JAWA TENGAH,KAB. CILACAP,SMA
898,69851425,SMA NEGERI 10 DEPOK,JAWA BARAT,KOTA DEPOK,SMA
899,20532261,SMAN 7 SURABAYA,JAWA TIMUR,KOTA SURABAYA,SMA
900,69918146,SMAN 4 CIBINONG,JAWA BARAT,KAB. BOGOR,SMA
901,10201985,SMA NEGERI 1 KABANJAHE,SUMATERA UTARA,KAB. KARO,SMA
902,20363220,MAS AL MUKMIN NGRUKI,JAWA TENGAH,KAB. SUKOHARJO,MA
903,69899184,SMA MUHAMMADIYAH 04 DEPOK,JAWA BARAT,KOTA DEPOK,SMA
904,20219237,SMAN 16 BANDUNG,JAWA BARAT,KOTA BANDUNG,SMA
905,20302183,SMA NEGERI 1 JATILAWANG,JAWA TENGAH,KAB. BANYUMAS,SMA
906,20307713,SMAN 1 MERTOYUDAN,JAWA TENGAH,KAB. MAGELANG,SMA
907,20232466,SMKN 1 BOJONG GEDE,JAWA BARAT,KAB. BOGOR,SMK
908,20317564,SMKS RADEN UMAR SAID KUDUS,JAWA TENGAH,KAB. KUDUS,SMK
909,20219178,SMKN 1 BANDUNG,JAWA BARAT,KOTA BANDUNG,SMK
910,11002198,SMAN 4 BATAM,KEPULAUAN RIAU,KOTA BATAM,SMA
911,20307727,SMAN 1 GRABAG,JAWA TENGAH,KAB. MAGELANG,SMA
912,20523828,SMAN AMBULU,JAWA TIMUR,KAB. JEMBER,SMA
913,69986644,SMAS ISLAM TERPADU ULIL ALBAB,KEPULAUAN RIAU,KOTA BATAM,SMA
914,20300728,SMA NEGERI 2 CILACAP,JAWA TENGAH,KAB. CILACAP,SMA
915,20517735,SMAN 1 SUMBERPUCUNG,JAWA TIMUR,KAB. MALANG,SMA
916,20217357,SMAN 1 PURWAKARTA,JAWA BARAT,KAB. PURWAKARTA,SMA
917,20302173,SMAN 1 SOKARAJA,JAWA TENGAH,KAB. BANYUMAS,SMA
918,20223042,SMAN 7 BEKASI,JAWA BARAT,KOTA BEKASI,SMA
919,20224510,SMA Negeri 2 Tasikmalaya,JAWA BARAT,KOTA TASIKMALAYA,SMA
920,20318342,SMA NEGERI 1 DONOROJO,JAWA TENGAH,KAB. JEPARA,SMA
921,50102078,SMAN 1 BLAHBATUH,BALI,KAB. GIANYAR,SMA
922,20103791,SMKN 10 JAKARTA,DKI JAKARTA,KOTA JAKARTA TIMUR,SMK
923,20102230,SMAN 108 JAKARTA,DKI JAKARTA,KOTA JAKARTA SELATAN,SMA
924,20402809,SMA NEGERI 1 LENDAH,DI YOGYAKARTA,KAB. KULON PROGO,SMA
925,40310213,SMAS ISLAM ATHIRAH,SULAWESI SELATAN,KOTA MAKASSAR,SMA
926,20102597,SMKN 8 JAKARTA,DKI JAKARTA,KOTA JAKARTA SELATAN,SMK
927,20363187,MAN PURWOREJO,JAWA TENGAH,KAB. PURWOREJO,MA
928,69774571,SMAS IT DARUT TAQWA,JAWA TIMUR,KAB. PONOROGO,SMA
929,20331953,SMAS MUHAMMADIYAH WONOSOBO,JAWA TENGAH,KAB. WONOSOBO,SMA
930,20511006,SMAN 1 NGADIROJO,JAWA TIMUR,KAB. PACITAN,SMA
931,20327973,SMAN 8 SURAKARTA,JAWA TENGAH,KOTA SURAKARTA,SMA
932,20511952,SMAN 1 PLEMAHAN,JAWA TIMUR,KAB. KEDIRI,SMA
933,10107310,SMAS LAB SCHOOL,ACEH,KOTA BANDA ACEH,SMA
934,20503372,SMK NEGERI 3 JOMBANG,JAWA TIMUR,KAB. JOMBANG,SMK
935,20100200,SMAN 7 JAKARTA,DKI JAKARTA,KOTA JAKARTA PUSAT,SMA
936,20227827,SMA TERPADU BAITURRAHMAN,JAWA BARAT,KAB. BANDUNG,SMA
937,10700669,SMAN 1 REJANG LEBONG,BENGKULU,KAB. REJANG LEBONG,SMA
938,20100812,SMAN 45 JAKARTA,DKI JAKARTA,KOTA JAKARTA UTARA,SMA
939,20277070,MAN 2 Kota Bandung,JAWA BARAT,KOTA BANDUNG,MA
940,30401516,SMKN 1 BALIKPAPAN,KALIMANTAN TIMUR,KOTA BALIKPAPAN,SMK
941,20546530,SMAS TUNAS LUHUR,JAWA TIMUR,KAB. PROBOLINGGO,SMA
942,20327935,SMAS BATIK 1 SURAKARTA,JAWA TENGAH,KOTA SURAKARTA,SMA
943,11002189,SMAS KARTINI,KEPULAUAN RIAU,KOTA BATAM,SMA
944,20536818,SMAN 2 BATU,JAWA TIMUR,KOTA BATU,SMA
945,20363027,MAN KOTA MAGELANG,JAWA TENGAH,KOTA MAGELANG,MA
946,20231303,SMAS NURUL HIKMAH,JAWA BARAT,KAB. BOGOR,SMA
947,10600905,SMAN 1 UNGGULAN MUARA ENIM,SUMATERA SELATAN,KAB. MUARA ENIM,SMA
948,10210864,SMAN 15 MEDAN,SUMATERA UTARA,KOTA MEDAN,SMA
949,20219141,SMKN 7 BANDUNG,JAWA BARAT,KOTA BANDUNG,SMK
950,20537011,SMAN 1 KEBOMAS,JAWA TIMUR,KAB. GRESIK,SMA
951,20532262,SMAN 8 SURABAYA,JAWA TIMUR,KOTA SURABAYA,SMA
952,30315160,MAN 2 SAMARINDA,KALIMANTAN TIMUR,KOTA SAMARINDA,MA
953,10807070,SMAN 9 BANDAR LAMPUNG,LAMPUNG,KOTA BANDAR LAMPUNG,SMA
954,20326490,SMAN 1 BUMIAYU,JAWA TENGAH,KAB. BREBES,SMA
955,30203478,SMAN 2 PALANGKA RAYA,KALIMANTAN TENGAH,KOTA PALANGKA RAYA,SMA
956,20407372,SMAS TERPADU BINA UMAT,DI YOGYAKARTA,KAB. SLEMAN,SMA
957,20306174,SMAN 4 PURWOREJO,JAWA TENGAH,KAB. PURWOREJO,SMA
958,69728578,SMAS IT AL FIDAA,JAWA BARAT,KAB. BEKASI,SMA
959,20103302,SMAN 76 JAKARTA,DKI JAKARTA,KOTA JAKARTA TIMUR,SMA
960,20311331,SMAN 2 WONOGIRI,JAWA TENGAH,KAB. WONOGIRI,SMA
961,10603844,SMA NEGERI 03 PALEMBANG,SUMATERA SELATAN,KOTA PALEMBANG,SMA
962,20324212,SMAN 2 PEMALANG,JAWA TENGAH,KAB. PEMALANG,SMA
963,20535098,SMKN 2 BLITAR,JAWA TIMUR,KOTA BLITAR,SMK
964,20500481,SMAN 1 CERME,JAWA TIMUR,KAB. GRESIK,SMA
965,20502721,SMAN 1 GEDEG,JAWA TIMUR,KAB. MOJOKERTO,SMA
966,20501698,SMAN 1 WONOAYU,JAWA TIMUR,KAB. SIDOARJO,SMA
967,20177926,MAN 11 JAKARTA,DKI JAKARTA,KOTA JAKARTA SELATAN,MA
968,69763270,SMAS IT BAITUL MUSLIM,LAMPUNG,KAB. LAMPUNG TIMUR,SMA
969,69950015,SMA Islam Terpadu Granada,KALIMANTAN TIMUR,KOTA SAMARINDA,SMA
970,20309672,SMKN 1 PEDAN,JAWA TENGAH,KAB. KLATEN,SMK
971,60300625,SMAN 1 MERAUKE,PAPUA,KAB. MERAUKE,SMA
972,20538321,SMAN 1 NGANJUK,JAWA TIMUR,KAB. NGANJUK,SMA
973,20606856,SMAS YUPPENTEK 1,BANTEN,KOTA TANGERANG,SMA
974,20503375,SMK NEGERI 1 JOMBANG,JAWA TIMUR,KAB. JOMBANG,SMK
975,20606851,SMAN 11 TANGERANG,BANTEN,KOTA TANGERANG,SMA
976,20232396,SMAS PGRI CIBINONG,JAWA BARAT,KAB. BOGOR,SMA
977,20503407,SMA NEGERI NGORO,JAWA TIMUR,KAB. JOMBANG,SMA
978,20536297,SMAN 2 PROBOLINGGO,JAWA TIMUR,KOTA PROBOLINGGO,SMA
979,69760562,SMAN 18 BEKASI,JAWA BARAT,KOTA BEKASI,SMA
980,20517766,SMKN 1 SINGOSARI,JAWA TIMUR,KAB. MALANG,SMK
981,20363028,MAN 1 KOTA PEKALONGAN,JAWA TENGAH,KOTA PEKALONGAN,MA
982,20232371,SMAN 1 TAJURHALANG,JAWA BARAT,KAB. BOGOR,SMA
983,20103781,SMKN 51 JAKARTA,DKI JAKARTA,KOTA JAKARTA TIMUR,SMK
984,20508492,SMAN 2 NGAWI,JAWA TIMUR,KAB. NGAWI,SMA
985,20540064,SMAS MUHAMMADIYAH 2,JAWA TIMUR,KAB. SIDOARJO,SMA
986,20221590,SMAS MARDI YUANA,JAWA BARAT,KOTA SUKABUMI,SMA
987,20223019,SMAN 10 BEKASI,JAWA BARAT,KOTA BEKASI,SMA
988,20606848,SMAN 2 TANGERANG,BANTEN,KOTA TANGERANG,SMA
989,50101706,SMAN 1 KUTA SELATAN,BALI,KAB. BADUNG,SMA
990,30401066,SMA Negeri 1 Samarinda,KALIMANTAN TIMUR,KOTA SAMARINDA,SMA
991,20503411,SMA NEGERI BARENG,JAWA TIMUR,KAB. JOMBANG,SMA
992,20314906,SMAN 2 CEPU,JAWA TENGAH,KAB. BLORA,SMA
993,20221559,SMAN 1 SUKABUMI,JAWA BARAT,KOTA SUKABUMI,SMA
994,20542496,SMAN 1 DURENAN,JAWA TIMUR,KAB. TRENGGALEK,SMA
995,20537286,SMKN 1 BOYOLANGU,JAWA TIMUR,KAB. TULUNGAGUNG,SMK
996,10403902,SMK NEGERI 1 PEKANBARU,RIAU,KOTA PEKANBARU,SMK
997,20313849,SMAN 1 GUBUG,JAWA TENGAH,KAB. GROBOGAN,SMA
998,10901104,SMAN 1 PANGKAL PINANG,KEPULAUAN BANGKA BELITUNG,KOTA PANGKALPINANG,SMA
999,20580755,MAN KOTA SURABAYA,JAWA TIMUR,KOTA SURABAYA,MA
1000,20303985,SMAN 1 BAWANG,JAWA TENGAH,KAB. BANJARNEGARA,SMA
