ranking,npsn,nama_sekolah,provinsi,kab_kota,jenis,akreditasi,indeks_sekolah,kuota_eligible
1,20623314,MAN INSAN CENDEKIA SERPONG,BANTEN,KOTA TANGERANG SELATAN,MA,A,100.0,0.4
2,20532145,SMA KATOLIK ST.LOUIS 1,JAWA TIMUR,KOTA SURABAYA,SMA,A,99.98,0.4
3,69978389,SMA PRADITA DIRGANTARA,JAWA TENGAH,KAB. BOYOLALI,SMA,A,99.97,0.4
4,69941723,MAN INSAN CENDEKIA PEKALONGAN,JAWA TENGAH,KOTA PEKALONGAN,MA,A,99.95,0.4
5,20102568,SMAN 8 JAKARTA,DKI JAKARTA,KOTA JAKARTA SELATAN,SMA,A,99.94,0.4
6,20107313,SMA LABSCHOOL KEBAYORAN,DKI JAKARTA,KOTA JAKARTA SELATAN,SMA,A,99.92,0.4
7,20100170,SMAS KANISIUS JAKARTA,DKI JAKARTA,KOTA JAKARTA PUSAT,SMA,A,99.91,0.4
8,20101622,SMAN 2 JAKARTA,DKI JAKARTA,KOTA JAKARTA BARAT,SMA,A,99.89,0.4
9,20219730,SMAS BPK 1 PENABUR BANDUNG,JAWA BARAT,KOTA BANDUNG,SMA,A,99.88,0.4
10,20100199,SMAN 68 JAKARTA,DKI JAKARTA,KOTA JAKARTA PUSAT,SMA,A,99.86,0.4
11,20403161,SMAN 8 YOGYAKARTA,DI YOGYAKARTA,KOTA YOGYAKARTA,SMA,A,99.85,0.4
12,10263538,SMAS UNGGUL DEL,SUMATERA UTARA,KAB. TOBA,SMA,A,99.83,0.4
13,20403174,SMAN 1 YOGYAKARTA,DI YOGYAKARTA,KOTA YOGYAKARTA,SMA,A,99.82,0.4
14,20107319,SMAN 28 JAKARTA,DKI JAKARTA,KOTA JAKARTA SELATAN,SMA,A,99.8,0.4
15,20403178,SMAN 3 YOGYAKARTA,DI YOGYAKARTA,KOTA YOGYAKARTA,SMA,A,99.79,0.4
16,20103301,SMAN 81 JAKARTA,DKI JAKARTA,KOTA JAKARTA TIMUR,SMA,A,99.77,0.4
17,20100601,SMAS KRISTEN 5 BPK PENABUR,DKI JAKARTA,KOTA JAKARTA UTARA,SMA,A,99.76,0.4
18,20401146,SMAN 1 GODEAN,DI YOGYAKARTA,KAB. SLEMAN,SMA,A,99.74,0.4
19,20580050,MAN 2 KOTA MALANG,JAWA TIMUR,KOTA MALANG,MA,A,99.73,0.4
20,69975889,MAN INSAN CENDEKIA KOTA BATAM,KEPULAUAN RIAU,KOTA BATAM,MA,A,99.71,0.4
21,20403171,SMAN 6 YOGYAKARTA,DI YOGYAKARTA,KOTA YOGYAKARTA,SMA,A,99.7,0.4
22,20103283,SMAN 21 JAKARTA,DKI JAKARTA,KOTA JAKARTA TIMUR,SMA,A,99.68,0.4
23,20103307,SMAN 61 JAKARTA,DKI JAKARTA,KOTA JAKARTA TIMUR,SMA,A,99.67,0.4
24,30315142,SMAN BANUA KAL SEL,KALIMANTAN SELATAN,KAB. BANJAR,SMA,A,99.65,0.4
25,20603357,SMAS KRISTEN BPK PENABUR GADING SERPONG,BANTEN,KAB. TANGERANG,SMA,A,99.64,0.4
26,20102214,SMAN 34 JAKARTA,DKI JAKARTA,KOTA JAKARTA SELATAN,SMA,A,99.62,0.4
27,20103314,SMAN 48 JAKARTA,DKI JAKARTA,KOTA JAKARTA TIMUR,SMA,A,99.61,0.4
28,20328915,SMAS KOLESE LOYOLA,JAWA TENGAH,KOTA SEMARANG,SMA,A,99.59,0.4
29,20279931,SMAS AL-IRSYAD SATYA,JAWA BARAT,KAB. BANDUNG BARAT,SMA,A,99.58,0.4
30,20108383,SMAS SANTA URSULA,DKI JAKARTA,KOTA JAKARTA PUSAT,SMA,A,99.56,0.4
31,69856916,SMA IGNATIUS GLOBAL SCHOOL (IGS) PALEMBANG,SUMATERA SELATAN,KOTA PALEMBANG,SMA,A,99.55,0.4
32,20101588,SMAN 78 JAKARTA,DKI JAKARTA,KOTA JAKARTA BARAT,SMA,A,99.53,0.4
33,20219263,SMAS ALLOYSIUS 1,JAWA BARAT,KOTA BANDUNG,SMA,A,99.52,0.4
34,20247147,SMAS PESANTREN UNGGUL AL BAYAN,JAWA BARAT,KAB. SUKABUMI,SMA,A,99.5,0.4
35,60728785,MAN Insan Cendekia Gorontalo,GORONTALO,KAB. BONE BOLANGO,MA,A,99.49,0.4
36,20102193,SMAN 47 JAKARTA,DKI JAKARTA,KOTA JAKARTA SELATAN,SMA,A,99.47,0.4
37,10507942,MAN INSAN CENDEKIA JAMBI,JAMBI,KAB. MUARO JAMBI,MA,A,99.46,0.4
38,20102218,SMAN 26 JAKARTA,DKI JAKARTA,KOTA JAKARTA SELATAN,SMA,A,99.44,0.4
39,20103223,SMAS LABSCHOOL JAKARTA,DKI JAKARTA,KOTA JAKARTA TIMUR,SMA,A,99.43,0.4
40,69978962,MAN INSAN CENDEKIA PASURUAN,JAWA TIMUR,KAB. PASURUAN,MA,A,99.41,0.4
41,20401145,SMAN 1 KALASAN,DI YOGYAKARTA,KAB. SLEMAN,SMA,A,99.4,0.4
42,20401124,SMAN 1 SLEMAN,DI YOGYAKARTA,KAB. SLEMAN,SMA,A,99.38,0.4
43,20220343,SMAS REGINA PACIS,JAWA BARAT,KOTA BOGOR,SMA,A,99.37,0.4
44,20402126,SMAN 1 WONOSARI,DI YOGYAKARTA,KAB. GUNUNG KIDUL,SMA,A,99.35,0.4
45,20103303,SMAN 71 JAKARTA,DKI JAKARTA,KOTA JAKARTA TIMUR,SMA,A,99.34,0.4
46,20103285,SMAN 12 JAKARTA,DKI JAKARTA,KOTA JAKARTA TIMUR,SMA,A,99.32,0.4
47,20101589,SMAN 65 JAKARTA,DKI JAKARTA,KOTA JAKARTA BARAT,SMA,A,99.31,0.4
48,20532248,SMAN 5 SURABAYA,JAWA TIMUR,KOTA SURABAYA,SMA,A,99.29,0.4
49,60724799,SMAS DARMA YUDHA,RIAU,KOTA PEKANBARU,SMA,A,99.28,0.4
50,69983368,MAN INSAN CENDEKIA PADANG PARIAMAN,SUMATERA BARAT,KAB. PADANG PARIAMAN,MA,A,99.26,0.4
51,20401156,SMAS KOLESE DE BRITTO DEPOK,DI YOGYAKARTA,KAB. SLEMAN,SMA,A,99.25,0.4
52,20253599,SMAS PENABUR,JAWA BARAT,KOTA BEKASI,SMA,A,99.23,0.4
53,20102212,SMAN 38 JAKARTA,DKI JAKARTA,KOTA JAKARTA SELATAN,SMA,A,99.22,0.4
54,20102592,SMAN 49 JAKARTA,DKI JAKARTA,KOTA JAKARTA SELATAN,SMA,A,99.2,0.4
55,20401161,SMAN 1 DEPOK,DI YOGYAKARTA,KAB. SLEMAN,SMA,A,99.19,0.4
56,20403170,SMAN 7 YOGYAKARTA,DI YOGYAKARTA,KOTA YOGYAKARTA,SMA,A,99.17,0.4
57,20403375,MAN 1 YOGYAKARTA,DI YOGYAKARTA,KOTA YOGYAKARTA,MA,A,99.16,0.4
58,20103296,SMAN 39 JAKARTA,DKI JAKARTA,KOTA JAKARTA TIMUR,SMA,A,99.14,0.4
59,20403180,SMAN 5 YOGYAKARTA,DI YOGYAKARTA,KOTA YOGYAKARTA,SMA,A,99.13,0.4
60,20400405,SMA NEGERI 1 BANTUL,DI YOGYAKARTA,KAB. BANTUL,SMA,A,99.11,0.4
61,69941607,MAN Insan Cendekia Oki,SUMATERA SELATAN,KAB. OGAN KOMERING ILIR,MA,A,99.1,0.4
62,10310903,SMAN 1 SUMATERA BARAT,SUMATERA BARAT,KOTA PADANG PANJANG,SMA,A,99.08,0.4
63,20533654,SMAS K KOLESE ST YUSUP,JAWA TIMUR,KOTA MALANG,SMA,A,99.07,0.4
64,20403162,SMAN 9 YOGYAKARTA,DI YOGYAKARTA,KOTA YOGYAKARTA,SMA,A,99.05,0.4
65,20402794,SMA NEGERI 1 WATES,DI YOGYAKARTA,KAB. KULON PROGO,SMA,A,99.04,0.4
66,20219327,SMAN 3 BANDUNG,JAWA BARAT,KOTA BANDUNG,SMA,A,99.02,0.4
67,20103256,SMAN 99 JAKARTA,DKI JAKARTA,KOTA JAKARTA TIMUR,SMA,A,99.01,0.4
68,69986890,SMA UNGGULAN CT ARSA FOUNDATION SUKOHARJO,JAWA TENGAH,KAB. SUKOHARJO,SMA,A,98.99,0.4
69,20607991,SMA ISLAM NURUL FIKRI,BANTEN,KAB. SERANG,SMA,A,98.98,0.4
70,10603858,SMA NEGERI 17 PALEMBANG,SUMATERA SELATAN,KOTA PALEMBANG,SMA,A,98.96,0.4
71,20102570,SMAN 70 JAKARTA,DKI JAKARTA,KOTA JAKARTA SELATAN,SMA,A,98.95,0.4
72,20103284,SMAN 14 JAKARTA,DKI JAKARTA,KOTA JAKARTA TIMUR,SMA,A,98.93,0.4
73,20107299,SMAS GONZAGA JAKARTA,DKI JAKARTA,KOTA JAKARTA SELATAN,SMA,A,98.92,0.4
74,20400373,SMA NEGERI 1 SANDEN,DI YOGYAKARTA,KAB. BANTUL,SMA,A,98.9,0.4
75,10303461,SMAN 1 PADANG,SUMATERA BARAT,KOTA PADANG,SMA,A,98.89,0.4
76,69760753,SMAS IT IBNU ABBAS,JAWA TENGAH,KAB. KLATEN,SMA,A,98.87,0.4
77,69873999,SMA KRISTEN PENABUR KOTA WISATA,JAWA BARAT,KAB. BOGOR,SMA,A,98.86,0.4
78,69949652,SMA Muhammadiyah Program Khusus Kottabarat Surakarta,JAWA TENGAH,KOTA SURAKARTA,SMA,A,98.84,0.4
79,20258396,SMAS IT AS-SYIFA BOARDING SCHOOL,JAWA BARAT,KAB. SUBANG,SMA,A,98.83,0.4
80,20219728,SMAS BPK 2 PENABUR,JAWA BARAT,KOTA BANDUNG,SMA,A,98.81,0.4
81,20606507,SMAS UPH COLLEGE,BANTEN,KAB. TANGERANG,SMA,A,98.8,0.4
82,10303611,SMAN 1 PADANG PANJANG,SUMATERA BARAT,KOTA PADANG PANJANG,SMA,A,98.78,0.4
83,20307644,SMAS PANGUDI LUHUR VAN LITH,JAWA TENGAH,KAB. MAGELANG,SMA,A,98.77,0.4
84,20101623,SMAN 19 JAKARTA,DKI JAKARTA,KOTA JAKARTA BARAT,SMA,A,98.75,0.4
85,20327563,SMAN 1 MAGELANG,JAWA TENGAH,KOTA MAGELANG,SMA,A,98.74,0.4
86,20306202,SMAN 1 PURWOREJO,JAWA TENGAH,KAB. PURWOREJO,SMA,A,98.72,0.4
87,20100806,SMAN 13 JAKARTA,DKI JAKARTA,KOTA JAKARTA UTARA,SMA,A,98.71,0.4
88,20615025,SMAS PENABUR BINTARO,BANTEN,KOTA TANGERANG SELATAN,SMA,A,98.69,0.4
89,20277085,MAS ZAKARIA,JAWA BARAT,KOTA BANDUNG,MA,A,98.68,0.4
90,20219266,SMAS ST ANGELA,JAWA BARAT,KOTA BANDUNG,SMA,A,98.66,0.4
91,69976494,MAN INSAN CENDEKIA TANAH LAUT,KALIMANTAN SELATAN,KAB. TANAH LAUT,MA,A,98.65,0.4
92,20307641,SMAS TARUNA NUSANTARA,JAWA TENGAH,KAB. MAGELANG,SMA,A,98.63,0.4
93,20328447,SMAN 1 SALATIGA,JAWA TENGAH,KOTA SALATIGA,SMA,A,98.62,0.4
94,20219269,SMAS TARUNA BAKTI,JAWA BARAT,KOTA BANDUNG,SMA,A,98.6,0.4
95,69978966,MAN INSAN CENDEKIA LOMBOK TIMUR,NUSA TENGGARA BARAT,KAB. LOMBOK TIMUR,MA,A,98.59,0.4
96,20103292,SMAN 103 JAKARTA,DKI JAKARTA,KOTA JAKARTA TIMUR,SMA,A,98.57,0.4
97,20107304,SMAS ISLAM AL-AZHAR 1 JAKARTA,DKI JAKARTA,KOTA JAKARTA SELATAN,SMA,A,98.56,0.4
98,10259371,SMAS METHODIST 3 MEDAN,SUMATERA UTARA,KOTA MEDAN,SMA,A,98.54,0.4
99,20238524,SMK-SMAK BOGOR,JAWA BARAT,KOTA BOGOR,SMK,A,98.53,0.4
100,20102571,SMAN 66 JAKARTA,DKI JAKARTA,KOTA JAKARTA SELATAN,SMA,A,98.51,0.4
101,20102563,SMAN 90 JAKARTA,DKI JAKARTA,KOTA JAKARTA SELATAN,SMA,B,98.5,0.25
102,20401130,SMAN 1 MLATI,DI YOGYAKARTA,KAB. SLEMAN,SMA,B,98.48,0.25
103,20363082,MAN 2 KUDUS,JAWA TENGAH,KAB. KUDUS,MA,B,98.47,0.25
104,20533660,SMAN 1,JAWA TIMUR,KOTA MALANG,SMA,B,98.45,0.25
105,20101626,SMAN 112 JAKARTA,DKI JAKARTA,KOTA JAKARTA BARAT,SMA,B,98.44,0.25
106,20103309,SMAN 58 JAKARTA,DKI JAKARTA,KOTA JAKARTA TIMUR,SMA,B,98.42,0.25
107,20103278,SMAN 91 JAKARTA,DKI JAKARTA,KOTA JAKARTA TIMUR,SMA,B,98.41,0.25
108,69941598,MAN INSAN CENDEKIA SIAK,RIAU,KAB. SIAK,MA,B,98.39,0.25
109,20265518,SMAS ALFA CENTAURI,JAWA BARAT,KOTA BANDUNG,SMA,B,98.38,0.25
110,20327966,SMAN 1 SURAKARTA,JAWA TENGAH,KOTA SURAKARTA,SMA,B,98.36,0.25
111,20102575,SMAN 55 JAKARTA,DKI JAKARTA,KOTA JAKARTA SELATAN,SMA,B,98.35,0.25
112,20223075,SMAS MARSUDIRINI,JAWA BARAT,KOTA BEKASI,SMA,B,98.33,0.25
113,20503414,SMA NEGERI 2 JOMBANG,JAWA TIMUR,KAB. JOMBANG,SMA,B,98.32,0.25
114,20328895,SMA NEGERI 03,JAWA TENGAH,KOTA SEMARANG,SMA,B,98.3,0.25
115,69941830,MAN INSAN CENDEKIA PASER,KALIMANTAN TIMUR,KAB. PASER,MA,B,98.29,0.25
116,20320392,SMA SEDES SAPIENTIAE JAMBU,JAWA TENGAH,KAB. SEMARANG,SMA,B,98.27,0.25
117,20103310,SMAN 54 JAKARTA,DKI JAKARTA,KOTA JAKARTA TIMUR,SMA,B,98.26,0.25
118,20100216,SMAN 1 JAKARTA,DKI JAKARTA,KOTA JAKARTA PUSAT,SMA,B,98.24,0.25
119,10648016,SMAN SUMATERA SELATAN,SUMATERA SELATAN,KOTA PALEMBANG,SMA,B,98.23,0.25
120,20252852,SMAS AL KAHFI,JAWA BARAT,KAB. BOGOR,SMA,B,98.21,0.25
121,20532087,SMAS SANTA MARIA,JAWA TIMUR,KOTA SURABAYA,SMA,B,98.2,0.25
122,20534388,SMAN 2 KEDIRI,JAWA TIMUR,KOTA KEDIRI,SMA,B,98.18,0.25
123,20229157,SMAS ISLAM TERPADU NURUL FIKRI,JAWA BARAT,KOTA DEPOK,SMA,B,98.17,0.25
124,20307712,SMAN 1 MUNTILAN,JAWA TENGAH,KAB. MAGELANG,SMA,B,98.15,0.25
125,20309676,SMAN 1 KLATEN,JAWA TENGAH,KAB. KLATEN,SMA,B,98.14,0.25
126,10210923,SMAS SANTO THOMAS 1 MEDAN,SUMATERA UTARA,KOTA MEDAN,SMA,B,98.12,0.25
127,10498812,MAN 2 PEKANBARU,RIAU,KOTA PEKANBARU,MA,B,98.11,0.25
128,10210848,SMAS SUTOMO 1,SUMATERA UTARA,KOTA MEDAN,SMA,B,98.09,0.25
129,69775444,SMAS IT UMMUL QURO,JAWA BARAT,KOTA BOGOR,SMA,B,98.08,0.25
130,69857710,SMA TRENSAINS TEBUIRENG,JAWA TIMUR,KAB. JOMBANG,SMA,B,98.06,0.25
131,20103306,SMAN 62 JAKARTA,DKI JAKARTA,KOTA JAKARTA TIMUR,SMA,B,98.05,0.25
132,20533665,SMAN 3,JAWA TIMUR,KOTA MALANG,SMA,B,98.03,0.25
133,20341603,SMAS AL IRSYAD AL ISLAMIYYAH,JAWA TENGAH,KAB. BANYUMAS,SMA,B,98.02,0.25
134,10211691,SMAS BUDI MULIA,SUMATERA UTARA,KOTA PEMATANGSIANTAR,SMA,B,98.0,0.25
135,20103304,SMAN 67 JAKARTA,DKI JAKARTA,KOTA JAKARTA TIMUR,SMA,B,97.99,0.25
136,20317494,SMAN 1 KUDUS,JAWA TENGAH,KAB. KUDUS,SMA,B,97.97,0.25
137,20103298,SMAN 44 JAKARTA,DKI JAKARTA,KOTA JAKARTA TIMUR,SMA,B,97.96,0.25
138,10307523,SMAN 1 BUKITTINGGI,SUMATERA BARAT,KOTA BUKITTINGGI,SMA,B,97.94,0.25
139,69983967,MAN INSAN CENDEKIA GOWA,SULAWESI SELATAN,KAB. GOWA,MA,B,97.93,0.25
140,20401127,SMAN 1 PAKEM,DI YOGYAKARTA,KAB. SLEMAN,SMA,B,97.91,0.25
141,20102574,SMAN 6 JAKARTA,DKI JAKARTA,KOTA JAKARTA SELATAN,SMA,B,97.9,0.25
142,20402778,SMA NEGERI 2 WATES,DI YOGYAKARTA,KAB. KULON PROGO,SMA,B,97.88,0.25
143,20327987,SMAS REGINA PACIS SURAKARTA,JAWA TENGAH,KOTA SURAKARTA,SMA,B,97.87,0.25
144,20403145,SMAS STELLA DUCE 1,DI YOGYAKARTA,KOTA YOGYAKARTA,SMA,B,97.85,0.25
145,20177932,MAN 4 JAKARTA,DKI JAKARTA,KOTA JAKARTA SELATAN,MA,B,97.84,0.25
146,20327564,SMAN 3 MAGELANG,JAWA TENGAH,KOTA MAGELANG,SMA,B,97.82,0.25
147,10304887,SMA NEGERI AGAM CENDEKIA,SUMATERA BARAT,KAB. AGAM,SMA,B,97.81,0.25
148,20532237,SMAN 15 SURABAYA,JAWA TIMUR,KOTA SURABAYA,SMA,B,97.79,0.25
149,20532230,SMAN 2 SURABAYA,JAWA TIMUR,KOTA SURABAYA,SMA,B,97.78,0.25
150,20401132,SMAN 2 NGAGLIK,DI YOGYAKARTA,KAB. SLEMAN,SMA,B,97.76,0.25
151,20580045,MAN 2 Kota Kediri,JAWA TIMUR,KOTA KEDIRI,MA,B,97.75,0.25
152,20613477,SMAN 2 KOTA TANGERANG SELATAN,BANTEN,KOTA TANGERANG SELATAN,SMA,B,97.73,0.25
153,20330921,SMA TRENSAINS MUHAMMADIYAH SRAGEN,JAWA TENGAH,KAB. SRAGEN,SMA,B,97.72,0.25
154,20327969,SMAN 4 SURAKARTA,JAWA TENGAH,KOTA SURAKARTA,SMA,B,97.7,0.25
155,20400406,SMA NEGERI 1 BANGUNTAPAN,DI YOGYAKARTA,KAB. BANTUL,SMA,B,97.69,0.25
156,10303462,SMAN 10 PADANG,SUMATERA BARAT,KOTA PADANG,SMA,B,97.67,0.25
157,10100170,SMA NEGERI MODAL BANGSA,ACEH,KAB. ACEH BESAR,SMA,B,97.66,0.25
158,20200691,SMAN 2 CIBINONG,JAWA BARAT,KAB. BOGOR,SMA,B,97.64,0.25
159,20329517,SMA Negeri 1 Pekalongan,JAWA TENGAH,KOTA PEKALONGAN,SMA,B,97.63,0.25
160,30105064,SMAS KRISTEN IMMANUEL,KALIMANTAN BARAT,KOTA PONTIANAK,SMA,B,97.61,0.25
161,10208520,SMAN 2 BALIGE,SUMATERA UTARA,KAB. TOBA,SMA,B,97.6,0.25
162,20328912,SMA SEMESTA,JAWA TENGAH,KOTA SEMARANG,SMA,B,97.58,0.25
163,20220342,SMAN 1 BOGOR,JAWA BARAT,KOTA BOGOR,SMA,B,97.57,0.25
164,20312200,SMAN 1 KARANGANYAR,JAWA TENGAH,KAB. KARANGANYAR,SMA,B,97.55,0.25
165,20254358,SMAS GLOBAL MANDIRI,JAWA BARAT,KAB. BOGOR,SMA,B,97.54,0.25
166,20103257,SMAN 98 JAKARTA,DKI JAKARTA,KOTA JAKARTA TIMUR,SMA,B,97.52,0.25
167,20339021,SMA NEGERI 1 PATI,JAWA TENGAH,KAB. PATI,SMA,B,97.51,0.25
168,10609651,SMA KUSUMA BANGSA PALEMBANG,SUMATERA SELATAN,KOTA PALEMBANG,SMA,B,97.49,0.25
169,20302182,SMAN 1 PURWOKERTO,JAWA TENGAH,KAB. BANYUMAS,SMA,B,97.48,0.25
170,69765089,SMAS ISLAM ATHIRAH,SULAWESI SELATAN,KAB. BONE,SMA,B,97.46,0.25
171,20327970,SMAN 5 SURAKARTA,JAWA TENGAH,KOTA SURAKARTA,SMA,B,97.45,0.25
172,20102216,SMAN 3 JAKARTA,DKI JAKARTA,KOTA JAKARTA SELATAN,SMA,B,97.43,0.25
173,20231283,SMAS BUNDA HATI KUDUS,JAWA BARAT,KAB. BOGOR,SMA,B,97.42,0.25
174,20517739,SMAN 1 LAWANG,JAWA TIMUR,KAB. MALANG,SMA,B,97.4,0.25
175,20102219,SMAN 109 JAKARTA,DKI JAKARTA,KOTA JAKARTA SELATAN,SMA,B,97.39,0.25
176,20321438,SMA NEGERI 1 TEMANGGUNG,JAWA TENGAH,KAB. TEMANGGUNG,SMA,B,97.37,0.25
177,20403176,SMAN 11 YOGYAKARTA,DI YOGYAKARTA,KOTA YOGYAKARTA,SMA,B,97.36,0.25
178,40320336,SMAS ZION,SULAWESI SELATAN,KOTA MAKASSAR,SMA,B,97.34,0.25
179,20549721,SMAS AL HIKMAH SURABAYA,JAWA TIMUR,KOTA SURABAYA,SMA,B,97.33,0.25
180,20308449,SMAN 1 BOYOLALI,JAWA TENGAH,KAB. BOYOLALI,SMA,B,97.31,0.25
181,20534124,SMAN 2 MADIUN,JAWA TIMUR,KOTA MADIUN,SMA,B,97.3,0.25
182,20403177,SMAN 2 YOGYAKARTA,DI YOGYAKARTA,KOTA YOGYAKARTA,SMA,B,97.28,0.25
183,20306807,SMA NEGERI 1 WONOSOBO,JAWA TENGAH,KAB. WONOSOBO,SMA,B,97.27,0.25
184,20328896,SMA NEGERI 02,JAWA TENGAH,KOTA SEMARANG,SMA,B,97.25,0.25
185,20107277,SMAS AL IZHAR JAKARTA,DKI JAKARTA,KOTA JAKARTA SELATAN,SMA,B,97.24,0.25
186,69756117,SMAS AL - AZHAR MANDIRI PALU,SULAWESI TENGAH,KOTA PALU,SMA,B,97.22,0.25
187,20102217,SMAN 29 JAKARTA,DKI JAKARTA,KOTA JAKARTA SELATAN,SMA,B,97.21,0.25
188,20222365,SMAN 2 CIREBON,JAWA BARAT,KOTA CIREBON,SMA,B,97.19,0.25
189,69989336,SMA BUDI CENDEKIA ISLAMIC SCHOOL,JAWA BARAT,KOTA DEPOK,SMA,B,97.18,0.25
190,69975824,MAN INSAN CENDEKIA KOTA KENDARI,SULAWESI TENGGARA,KOTA KENDARI,MA,B,97.16,0.25
191,20403179,SMAN 4 YOGYAKARTA,DI YOGYAKARTA,KOTA YOGYAKARTA,SMA,B,97.15,0.25
192,20246430,SMAS ISLAM DIAN DIDAKTIKA,JAWA BARAT,KOTA DEPOK,SMA,B,97.13,0.25
193,10210836,SMAS SUTOMO 2,SUMATERA UTARA,KOTA MEDAN,SMA,B,97.12,0.25
194,20504500,SMAN 1 BOJONEGORO,JAWA TIMUR,KAB. BOJONEGORO,SMA,B,97.1,0.25
195,20520820,SMAN 2 LUMAJANG,JAWA TIMUR,KAB. LUMAJANG,SMA,B,97.09,0.25
196,20223020,SMAN 1 BEKASI,JAWA BARAT,KOTA BEKASI,SMA,B,97.07,0.25
197,20223819,SMAN 1 KOTA DEPOK,JAWA BARAT,KOTA DEPOK,SMA,B,97.06,0.25
198,10603865,SMA NEGERI 01 PALEMBANG,SUMATERA SELATAN,KOTA PALEMBANG,SMA,B,97.04,0.25
199,20525856,SMAN 1 GLAGAH,JAWA TIMUR,KAB. BANYUWANGI,SMA,B,97.03,0.25
200,20305010,SMAN 1 KEBUMEN,JAWA TENGAH,KAB. KEBUMEN,SMA,B,97.01,0.25
201,20327565,SMAN 4 MAGELANG,JAWA TENGAH,KOTA MAGELANG,SMA,B,97.0,0.25
202,20302165,SMAN 2 PURWOKERTO,JAWA TENGAH,KAB. BANYUMAS,SMA,B,96.98,0.25
203,20103290,SMAN 105 JAKARTA,DKI JAKARTA,KOTA JAKARTA TIMUR,SMA,B,96.97,0.25
204,20303249,SMAN 1 PURBALINGGA,JAWA TENGAH,KAB. PURBALINGGA,SMA,B,96.95,0.25
205,20103281,SMAN 31 JAKARTA,DKI JAKARTA,KOTA JAKARTA TIMUR,SMA,B,96.94,0.25
206,20409906,SMA KESATUAN BANGSA,DI YOGYAKARTA,KAB. BANTUL,SMA,B,96.92,0.25
207,10609704,SMA XAVERIUS 01 PALEMBANG,SUMATERA SELATAN,KOTA PALEMBANG,SMA,B,96.91,0.25
208,20101587,SMAN 84 JAKARTA,DKI JAKARTA,KOTA JAKARTA BARAT,SMA,B,96.89,0.25
209,20538326,SMAN 2 NGANJUK,JAWA TIMUR,KAB. NGANJUK,SMA,B,96.88,0.25
210,20310417,SMAN 1 SUKOHARJO,JAWA TENGAH,KAB. SUKOHARJO,SMA,B,96.86,0.25
211,20517730,SMAN 1 KEPANJEN,JAWA TIMUR,KAB. MALANG,SMA,B,96.85,0.25
212,10404453,SMAN PLUS PROP RIAU,RIAU,KOTA PEKANBARU,SMA,B,96.83,0.25
213,20535050,SMAN 1 BLITAR,JAWA TIMUR,KOTA BLITAR,SMA,B,96.82,0.25
214,20606853,SMAN 1 TANGERANG,BANTEN,KOTA TANGERANG,SMA,B,96.8,0.25
215,20300617,SMA NEGERI 1 CILACAP,JAWA TENGAH,KAB. CILACAP,SMA,B,96.79,0.25
216,20219270,SMAS KRIDA NUSANTARA,JAWA BARAT,KOTA BANDUNG,SMA,B,96.77,0.25
217,30401491,SMAN 1 BALIKPAPAN,KALIMANTAN TIMUR,KOTA BALIKPAPAN,SMA,B,96.76,0.25
218,20219326,SMAN 8 BANDUNG,JAWA BARAT,KOTA BANDUNG,SMA,B,96.74,0.25
219,20103299,SMAN 89 JAKARTA,DKI JAKARTA,KOTA JAKARTA TIMUR,SMA,B,96.73,0.25
220,69727602,SMAS AL-IZZAH BATU,JAWA TIMUR,KOTA BATU,SMA,B,96.71,0.25
221,20219265,SMAS ST MARIA 1 BANDUNG,JAWA BARAT,KOTA BANDUNG,SMA,B,96.7,0.25
222,20403175,SMAN 10 YOGYAKARTA,DI YOGYAKARTA,KOTA YOGYAKARTA,SMA,B,96.68,0.25
223,20102573,SMAN 60 JAKARTA,DKI JAKARTA,KOTA JAKARTA SELATAN,SMA,B,96.67,0.25
224,20328893,SMA NEGERI 05,JAWA TENGAH,KOTA SEMARANG,SMA,B,96.65,0.25
225,20306171,SMAN 7 PURWOREJO,JAWA TENGAH,KAB. PURWOREJO,SMA,B,96.64,0.25
226,10807024,SMA S AL KAUTSAR,LAMPUNG,KOTA BANDAR LAMPUNG,SMA,B,96.62,0.25
227,69965070,SMA THURSINA IIBS,JAWA TIMUR,KAB. MALANG,SMA,B,96.61,0.25
228,20532260,SMAN 6 SURABAYA,JAWA TIMUR,KOTA SURABAYA,SMA,B,96.59,0.25
229,20534125,SMAN 1 MADIUN,JAWA TIMUR,KOTA MADIUN,SMA,B,96.58,0.25
230,20532236,SMAN 16 SURABAYA,JAWA TIMUR,KOTA SURABAYA,SMA,B,96.56,0.25
231,10807016,SMA S XAVERIUS BANDAR LAMPUNG,LAMPUNG,KOTA BANDAR LAMPUNG,SMA,B,96.55,0.25
232,20577343,SMAS AR-ROHMAH PUTRI BOARDING SCHOOL DAU,JAWA TIMUR,KAB. MALANG,SMA,B,96.53,0.25
233,69759180,SMA ISLAM SINAR CENDEKIA,BANTEN,KOTA TANGERANG SELATAN,SMA,B,96.52,0.25
234,20523844,SMAN 1 JEMBER,JAWA TIMUR,KAB. JEMBER,SMA,B,96.5,0.25
235,20277214,MAS HUSNUL KHOTIMAH,JAWA BARAT,KAB. KUNINGAN,MA,B,96.49,0.25
236,69955659,MAN INSAN CENDEKIA BANGKA TENGAH,KEPULAUAN BANGKA BELITUNG,KAB. BANGKA TENGAH,MA,B,96.47,0.25
237,20329847,SMAN 1 TEGAL,JAWA TENGAH,KOTA TEGAL,SMA,B,96.46,0.25
238,20542500,SMA NEGERI 1 TRENGGALEK,JAWA TIMUR,KAB. TRENGGALEK,SMA,B,96.44,0.25
239,20400391,SMA NEGERI 1 JETIS,DI YOGYAKARTA,KAB. BANTUL,SMA,B,96.43,0.25
240,20501706,SMAN 1 SIDOARJO,JAWA TIMUR,KAB. SIDOARJO,SMA,B,96.41,0.25
241,20505009,SMAN 1 TUBAN,JAWA TIMUR,KAB. TUBAN,SMA,B,96.4,0.25
242,20603342,SMAS ISLAM AL-AZHAR BSD,BANTEN,KOTA TANGERANG SELATAN,SMA,B,96.38,0.25
243,20102566,SMAN 82 JAKARTA,DKI JAKARTA,KOTA JAKARTA SELATAN,SMA,B,96.37,0.25
244,69786332,SMA ISLAM TERPADU AL USWAH,JAWA TIMUR,KOTA SURABAYA,SMA,B,96.35,0.25
245,20327968,SMAN 3 SURAKARTA,JAWA TENGAH,KOTA SURAKARTA,SMA,B,96.34,0.25
246,20100797,SMAN 52 JAKARTA,DKI JAKARTA,KOTA JAKARTA UTARA,SMA,B,96.32,0.25
247,40301037,SMAN 5 GOWA,SULAWESI SELATAN,KAB. GOWA,SMA,B,96.31,0.25
248,20511965,SMAN 2 PARE,JAWA TIMUR,KAB. KEDIRI,SMA,B,96.29,0.25
249,20400390,SMA NEGERI 1 KASIHAN,DI YOGYAKARTA,KAB. BANTUL,SMA,B,96.28,0.25
250,20276416,SMAS LABSCHOOL CIBUBUR,JAWA BARAT,KOTA BEKASI,SMA,B,96.26,0.25
251,20100780,SMAN 80 JAKARTA,DKI JAKARTA,KOTA JAKARTA UTARA,SMA,B,96.25,0.25
252,20341554,SMAS IT NURHIDAYAH,JAWA TENGAH,KAB. SUKOHARJO,SMA,B,96.23,0.25
253,20102572,SMAN 63 JAKARTA,DKI JAKARTA,KOTA JAKARTA SELATAN,SMA,B,96.22,0.25
254,30401787,SMAS YAYASAN PENDIDIKAN VIDYA DAHANA PATRA,KALIMANTAN TIMUR,KOTA BONTANG,SMA,B,96.2,0.25
255,69816259,SMA IBNU HAJAR BOARDING SCHOOL,JAWA BARAT,KOTA DEPOK,SMA,B,96.19,0.25
256,20102213,SMAN 37 JAKARTA,DKI JAKARTA,KOTA JAKARTA SELATAN,SMA,B,96.17,0.25
257,20603371,SMAS PLUS PEMBANGUNAN JAYA,BANTEN,KOTA TANGERANG SELATAN,SMA,B,96.16,0.25
258,20328894,SMA NEGERI 04,JAWA TENGAH,KOTA SEMARANG,SMA,B,96.14,0.25
259,20606833,SMAS STRADA ST AQUINO,BANTEN,KOTA TANGERANG,SMA,B,96.13,0.25
260,20253167,SMAS ISLAM AL-AZHAR 4,JAWA BARAT,KOTA BEKASI,SMA,B,96.11,0.25
261,20320242,SMA NEGERI 1 UNGARAN,JAWA TENGAH,KAB. SEMARANG,SMA,B,96.1,0.25
262,20536288,SMAN 1 PROBOLINGGO,JAWA TIMUR,KOTA PROBOLINGGO,SMA,B,96.08,0.25
263,20327972,SMAN 7 SURAKARTA,JAWA TENGAH,KOTA SURAKARTA,SMA,B,96.07,0.25
264,20328892,SMA NEGERI 06,JAWA TENGAH,KOTA SEMARANG,SMA,B,96.05,0.25
265,20112433,SMAS JAKARTA ISLAMIC SCHOOL,DKI JAKARTA,KOTA JAKARTA TIMUR,SMA,B,96.04,0.25
266,20536817,SMAN 1 BATU,JAWA TIMUR,KOTA BATU,SMA,B,96.02,0.25
267,20502726,SMAN 1 PURI,JAWA TIMUR,KAB. MOJOKERTO,SMA,B,96.01,0.25
268,10263550,SMAN 2 LINTONGNIHUTA,SUMATERA UTARA,KAB. HUMBANG HASUDUTAN,SMA,B,95.99,0.25
269,10263742,MAS PERGURUAN ISLAM AR RISALAH,SUMATERA BARAT,KOTA PADANG,MA,B,95.98,0.25
270,20101586,SMAN 85 JAKARTA,DKI JAKARTA,KOTA JAKARTA BARAT,SMA,B,95.96,0.25
271,20102210,SMAN 46 JAKARTA,DKI JAKARTA,KOTA JAKARTA SELATAN,SMA,B,95.95,0.25
272,20337604,SMK NEGERI 7 SEMARANG,JAWA TENGAH,KOTA SEMARANG,SMK,B,95.93,0.25
273,69929336,SMA SCIENCE PLUS BAITUL QURAN BOARDING SCHOOL,JAWA TENGAH,KAB. SRAGEN,SMA,B,95.92,0.25
274,20580757,MAS UNGGULAN AMANATUL UMMAH SURABAYA,JAWA TIMUR,KOTA SURABAYA,MA,B,95.9,0.25
275,20103280,SMAN 36 JAKARTA,DKI JAKARTA,KOTA JAKARTA TIMUR,SMA,B,95.89,0.25
276,20515430,SMAN 1 KEDUNGWARU,JAWA TIMUR,KAB. TULUNGAGUNG,SMA,B,95.87,0.25
277,10261532,SMA UNGGULAN CT FOUNDATION,SUMATERA UTARA,KAB. DELI SERDANG,SMA,B,95.86,0.25
278,20533640,SMAN 8,JAWA TIMUR,KOTA MALANG,SMA,B,95.84,0.25
279,20534389,SMAN 1 KEDIRI,JAWA TIMUR,KOTA KEDIRI,SMA,B,95.83,0.25
280,20102562,SMAN 97 JAKARTA,DKI JAKARTA,KOTA JAKARTA SELATAN,SMA,B,95.81,0.25
281,20100224,SMAN 30 JAKARTA,DKI JAKARTA,KOTA JAKARTA PUSAT,SMA,B,95.8,0.25
282,69964214,SMA NEGERI TARUNA NALA JAWA TIMUR,JAWA TIMUR,KOTA MALANG,SMA,B,95.78,0.25
283,20309689,SMAN 2 KLATEN,JAWA TENGAH,KAB. KLATEN,SMA,B,95.77,0.25
284,20223817,SMAN 3 KOTA DEPOK,JAWA BARAT,KOTA DEPOK,SMA,B,95.75,0.25
285,20200686,SMAS DWI WARNA,JAWA BARAT,KAB. BOGOR,SMA,B,95.74,0.25
286,10307799,SMAN 3 BATU SANGKAR,SUMATERA BARAT,KAB. TANAH DATAR,SMA,B,95.72,0.25
287,69976449,MAN INSAN CENDEKIA SAMBAS,KALIMANTAN BARAT,KAB. SAMBAS,MA,B,95.71,0.25
288,20314885,SMAN 1 BLORA,JAWA TENGAH,KAB. BLORA,SMA,B,95.69,0.25
289,20510150,SMAN 1 PONOROGO,JAWA TIMUR,KAB. PONOROGO,SMA,B,95.68,0.25
290,20102565,SMAN 86 JAKARTA,DKI JAKARTA,KOTA JAKARTA SELATAN,SMA,B,95.66,0.25
291,20220332,SMAN 3 BOGOR,JAWA BARAT,KOTA BOGOR,SMA,B,95.65,0.25
292,10210873,SMAN 1 MEDAN,SUMATERA UTARA,KOTA MEDAN,SMA,B,95.63,0.25
293,20200681,SMAN 1 CILEUNGSI,JAWA BARAT,KAB. BOGOR,SMA,B,95.62,0.25
294,20229161,SMAS MARDI YUANA PANCORAN MAS,JAWA BARAT,KOTA DEPOK,SMA,B,95.6,0.25
295,20328913,SMA SEDES SAPIENTIAE,JAWA TENGAH,KOTA SEMARANG,SMA,B,95.59,0.25
296,20328449,SMAN 3 SALATIGA,JAWA TENGAH,KOTA SALATIGA,SMA,B,95.57,0.25
297,20223046,SMAN 3 BEKASI,JAWA BARAT,KOTA BEKASI,SMA,B,95.56,0.25
298,20219254,SMAN 2 BANDUNG,JAWA BARAT,KOTA BANDUNG,SMA,B,95.54,0.25
299,20400381,SMA NEGERI 2 BANTUL,DI YOGYAKARTA,KAB. BANTUL,SMA,B,95.53,0.25
300,20331978,SMAN 2 MAGELANG,JAWA TENGAH,KOTA MAGELANG,SMA,B,95.51,0.25
301,20219241,SMAN 12 BANDUNG,JAWA BARAT,KOTA BANDUNG,SMA,B,95.5,0.25
302,30401809,SMAS YAYASAN PUPUK KALTIM BONTANG,KALIMANTAN TIMUR,KOTA BONTANG,SMA,B,95.48,0.25
303,20103286,SMAN 113 JAKARTA,DKI JAKARTA,KOTA JAKARTA TIMUR,SMA,B,95.47,0.25
304,69774555,SMA ISLAM AL-AZHAR 8,JAWA BARAT,KOTA BEKASI,SMA,B,95.45,0.25
305,20103305,SMAN 64 JAKARTA,DKI JAKARTA,KOTA JAKARTA TIMUR,SMA,B,95.44,0.25
306,20328867,SMA NEGERI 01,JAWA TENGAH,KOTA SEMARANG,SMA,B,95.42,0.25
307,20224139,SMA NEGERI 2 CIMAHI,JAWA BARAT,KOTA CIMAHI,SMA,B,95.41,0.25
308,20315697,SMA NEGERI 1 REMBANG,JAWA TENGAH,KAB. REMBANG,SMA,B,95.39,0.25
309,20220273,SMKN 1 BOGOR,JAWA BARAT,KOTA BOGOR,SMK,B,95.38,0.25
310,11002197,SMAN 3 BATAM,KEPULAUAN RIAU,KOTA BATAM,SMA,B,95.36,0.25
311,20330281,SMAN 1 GOMBONG,JAWA TENGAH,KAB. KEBUMEN,SMA,B,95.35,0.25
312,20401315,SMKN 2 DEPOK,DI YOGYAKARTA,KAB. SLEMAN,SMK,B,95.33,0.25
313,20325299,SMAN 1 SLAWI,JAWA TENGAH,KAB. TEGAL,SMA,B,95.32,0.25
314,20502727,SMAN 1 SOOKO,JAWA TIMUR,KAB. MOJOKERTO,SMA,B,95.3,0.25
315,40307369,SMAS KATOLIK RAJAWALI,SULAWESI SELATAN,KOTA MAKASSAR,SMA,B,95.29,0.25
316,20514344,SMAN 1 TALUN,JAWA TIMUR,KAB. BLITAR,SMA,B,95.27,0.25
317,20525854,SMAN 1 GENTENG,JAWA TIMUR,KAB. BANYUWANGI,SMA,B,95.26,0.25
318,20363283,MAS MUALLIMAAT MUHAMMADIYAH,DI YOGYAKARTA,KOTA YOGYAKARTA,MA,B,95.24,0.25
319,20623275,MAN 2 KOTA SERANG,BANTEN,KOTA SERANG,MA,B,95.23,0.25
320,20103308,SMAN 59 JAKARTA,DKI JAKARTA,KOTA JAKARTA TIMUR,SMA,B,95.21,0.25
321,20101585,SMAN 94 JAKARTA,DKI JAKARTA,KOTA JAKARTA BARAT,SMA,B,95.2,0.25
322,20321425,SMK NEGERI 1 TEMANGGUNG,JAWA TENGAH,KAB. TEMANGGUNG,SMK,B,95.18,0.25
323,20101584,SMAN 95 JAKARTA,DKI JAKARTA,KOTA JAKARTA BARAT,SMA,B,95.17,0.25
324,20363211,MAS AL IRSYAD,JAWA TENGAH,KAB. SEMARANG,MA,B,95.15,0.25
325,20303987,SMAN 1 BANJARNEGARA,JAWA TENGAH,KAB. BANJARNEGARA,SMA,B,95.14,0.25
326,69946479,SMA EDU GLOBAL,JAWA BARAT,KOTA BANDUNG,SMA,B,95.12,0.25
327,20103297,SMAN 42 JAKARTA,DKI JAKARTA,KOTA JAKARTA TIMUR,SMA,B,95.11,0.25
328,20505008,SMAN 2 TUBAN,JAWA TIMUR,KAB. TUBAN,SMA,B,95.09,0.25
329,69977033,SMA Islam Al Azhar 19,DKI JAKARTA,KOTA JAKARTA TIMUR,SMA,B,95.08,0.25
330,20103291,SMAN 104 JAKARTA,DKI JAKARTA,KOTA JAKARTA TIMUR,SMA,B,95.06,0.25
331,20306176,SMAN 2 PURWOREJO,JAWA TENGAH,KAB. PURWOREJO,SMA,B,95.05,0.25
332,20400374,SMA NEGERI 1 PUNDONG,DI YOGYAKARTA,KAB. BANTUL,SMA,B,95.03,0.25
333,20269747,SMA NURUL FIKRI BOARDING SCHOOL LEMBANG,JAWA BARAT,KAB. BANDUNG BARAT,SMA,B,95.02,0.25
334,20500479,SMAN 1 GRESIK,JAWA TIMUR,KAB. GRESIK,SMA,B,95.0,0.25
335,20532242,SMAN 1 SURABAYA,JAWA TIMUR,KOTA SURABAYA,SMA,B,94.98,0.25
336,10816430,MAN 2 PONTIANAK,KALIMANTAN BARAT,KOTA PONTIANAK,MA,B,94.97,0.25
337,20310425,SMAN 1 KARTASURA,JAWA TENGAH,KAB. SUKOHARJO,SMA,B,94.95,0.25
338,20103300,SMAN 88 JAKARTA,DKI JAKARTA,KOTA JAKARTA TIMUR,SMA,B,94.94,0.25
339,20219309,SMAN 5 BANDUNG,JAWA BARAT,KOTA BANDUNG,SMA,B,94.92,0.25
340,20500477,SMAN 1 MANYAR,JAWA TIMUR,KAB. GRESIK,SMA,B,94.91,0.25
341,20309680,SMAN 1 KARANGANOM,JAWA TENGAH,KAB. KLATEN,SMA,B,94.89,0.25
342,20212956,SMA NEGERI 2 KUNINGAN,JAWA BARAT,KAB. KUNINGAN,SMA,B,94.88,0.25
343,20100211,SMAN 4 JAKARTA,DKI JAKARTA,KOTA JAKARTA PUSAT,SMA,B,94.86,0.25
344,20328448,SMAN 2 SALATIGA,JAWA TENGAH,KOTA SALATIGA,SMA,B,94.85,0.25
345,20307714,SMAN 1 KOTA MUNGKID,JAWA TENGAH,KAB. MAGELANG,SMA,B,94.83,0.25
346,10403792,SMAN PINTAR,RIAU,KAB. KUANTAN SINGINGI,SMA,B,94.82,0.25
347,20218351,SMAN 1 TAMBUN SELATAN,JAWA BARAT,KAB. BEKASI,SMA,B,94.8,0.25
348,20238516,SMAN 2 BOGOR,JAWA BARAT,KOTA BOGOR,SMA,B,94.79,0.25
349,20533667,SMAN 4,JAWA TIMUR,KOTA MALANG,SMA,B,94.77,0.25
350,20219271,SMAN 1 BANDUNG,JAWA BARAT,KOTA BANDUNG,SMA,B,94.76,0.25
351,20532231,SMAN 20 SURABAYA,JAWA TIMUR,KOTA SURABAYA,SMA,B,94.74,0.25
352,69986335,SMA IT AT TAUFIQ,JAWA BARAT,KOTA BOGOR,SMA,B,94.73,0.25
353,20532246,SMAN 13 SURABAYA,JAWA TIMUR,KOTA SURABAYA,SMA,B,94.71,0.25
354,20533661,SMAN 10,JAWA TIMUR,KOTA MALANG,SMA,B,94.7,0.25
355,20223044,SMAN 5 BEKASI,JAWA BARAT,KOTA BEKASI,SMA,B,94.68,0.25
356,20517786,SMAS AR ROHMAH DAU,JAWA TIMUR,KAB. MALANG,SMA,B,94.67,0.25
357,20328939,SMA NEGERI 09,JAWA TENGAH,KOTA SEMARANG,SMA,B,94.65,0.25
358,10400870,SMAS CENDANA MANDAU,RIAU,KAB. BENGKALIS,SMA,B,94.64,0.25
359,20354028,SMAN 1 SRAGEN,JAWA TENGAH,KAB. SRAGEN,SMA,B,94.62,0.25
360,30401487,SMAN 5 BALIKPAPAN SELATAN,KALIMANTAN TIMUR,KOTA BALIKPAPAN,SMA,B,94.61,0.25
361,50103181,SMAS K SANTO YOSEPH DENPASAR,BALI,KOTA DENPASAR,SMA,B,94.59,0.25
362,20517733,SMAN 1 SINGOSARI,JAWA TIMUR,KAB. MALANG,SMA,B,94.58,0.25
363,20503413,SMA NEGERI 3 JOMBANG,JAWA TIMUR,KAB. JOMBANG,SMA,B,94.56,0.25
364,20311334,SMAN 1 WONOGIRI,JAWA TENGAH,KAB. WONOGIRI,SMA,B,94.55,0.25
365,20519299,SMAN 1 PANDAAN,JAWA TIMUR,KAB. PASURUAN,SMA,B,94.53,0.25
366,20100212,SMAN 35 JAKARTA,DKI JAKARTA,KOTA JAKARTA PUSAT,SMA,B,94.52,0.25
367,30201848,SMAN 1 PANGKALAN BUN,KALIMANTAN TENGAH,KAB. KOTAWARINGIN BARAT,SMA,B,94.5,0.25
368,11000360,SMAN 1 BATAM,KEPULAUAN RIAU,KOTA BATAM,SMA,B,94.49,0.25
369,20501705,SMAN 1 TAMAN,JAWA TIMUR,KAB. SIDOARJO,SMA,B,94.47,0.25
370,20580089,MAN 1 KOTA MALANG,JAWA TIMUR,KOTA MALANG,MA,B,94.46,0.25
371,10210903,SMAS METHODIST 2 MEDAN,SUMATERA UTARA,KOTA MEDAN,SMA,B,94.44,0.25
372,20310421,SMAN 3 SUKOHARJO,JAWA TENGAH,KAB. SUKOHARJO,SMA,B,94.43,0.25
373,20253130,SMAS IT AL BINA,JAWA BARAT,KAB. BEKASI,SMA,B,94.41,0.25
374,69883506,SMA GARUDA CENDEKIA,DKI JAKARTA,KOTA JAKARTA SELATAN,SMA,B,94.4,0.25
375,20219253,SMAN 20 BANDUNG,JAWA BARAT,KOTA BANDUNG,SMA,B,94.38,0.25
376,20411891,MAN 3 SLEMAN,DI YOGYAKARTA,KAB. SLEMAN,MA,B,94.37,0.25
377,69897124,SMA ISLAM AL AZHAR 14,JAWA TENGAH,KOTA SEMARANG,SMA,B,94.35,0.25
378,69956310,MAN INSAN CENDEKIA ACEH TIMUR,ACEH,KAB. ACEH TIMUR,MA,B,94.34,0.25
379,20219312,SMAN 4 BANDUNG,JAWA BARAT,KOTA BANDUNG,SMA,B,94.32,0.25
380,20533639,SMAN 7,JAWA TIMUR,KOTA MALANG,SMA,B,94.31,0.25
381,20320387,SMA NEGERI 1 AMBARAWA,JAWA TENGAH,KAB. SEMARANG,SMA,B,94.29,0.25
382,69829549,SMA SYUBBANUL WATHON,JAWA TENGAH,KAB. MAGELANG,SMA,B,94.28,0.25
383,20328879,SMA NEGERI 11,JAWA TENGAH,KOTA SEMARANG,SMA,B,94.26,0.25
384,20238517,SMAN 5 BOGOR,JAWA BARAT,KOTA BOGOR,SMA,B,94.25,0.25
385,20403227,SMAS BOPKRI 1,DI YOGYAKARTA,KOTA YOGYAKARTA,SMA,B,94.23,0.25
386,20532217,SMAN 17 SURABAYA,JAWA TIMUR,KOTA SURABAYA,SMA,B,94.22,0.25
387,20514347,SMAN 1 SRENGAT,JAWA TIMUR,KAB. BLITAR,SMA,B,94.2,0.25
388,60724851,SMAS MUHAMMADIYAH BOARDING SCHOOL (MBS) SLEMAN,DI YOGYAKARTA,KAB. SLEMAN,SMA,B,94.19,0.25
389,50103124,SMAN 4 DENPASAR,BALI,KOTA DENPASAR,SMA,B,94.17,0.25
390,30401067,SMA Negeri 10 Samarinda,KALIMANTAN TIMUR,KOTA SAMARINDA,SMA,B,94.16,0.25
391,69859740,SMA ISLAM SABILILLAH,JAWA TIMUR,KOTA MALANG,SMA,B,94.14,0.25
392,20328898,SMA NEGERI 15,JAWA TENGAH,KOTA SEMARANG,SMA,B,94.13,0.25
393,69762788,SMAN 3 TARUTUNG,SUMATERA UTARA,KAB. TAPANULI UTARA,SMA,B,94.11,0.25
394,20220322,SMAS BINA INSANI,JAWA BARAT,KOTA BOGOR,SMA,B,94.1,0.25
395,20400380,SMA NEGERI 2 BANGUNTAPAN,DI YOGYAKARTA,KAB. BANTUL,SMA,B,94.08,0.25
396,20404171,SMAS IT ABU BAKAR,DI YOGYAKARTA,KOTA YOGYAKARTA,SMA,B,94.07,0.25
397,20532247,SMAN 4 SURABAYA,JAWA TIMUR,KOTA SURABAYA,SMA,B,94.05,0.25
398,20102564,SMAN 87 JAKARTA,DKI JAKARTA,KOTA JAKARTA SELATAN,SMA,B,94.04,0.25
399,20257102,SMAS IT THORIQ BIN ZIYAD,JAWA BARAT,KAB. BEKASI,SMA,B,94.02,0.25
400,20328891,SMA NEGERI 07,JAWA TENGAH,KOTA SEMARANG,SMA,B,94.01,0.25
401,20330331,SMKN 1 KARANGANYAR,JAWA TENGAH,KAB. KEBUMEN,SMK,C,93.99,0.05
402,10303500,SMAN 3 PADANG,SUMATERA BARAT,KOTA PADANG,SMA,C,93.98,0.05
403,20533653,SMAN 5,JAWA TIMUR,KOTA MALANG,SMA,C,93.96,0.05
404,20224113,SMA NEGERI 1 CIMAHI,JAWA BARAT,KOTA CIMAHI,SMA,C,93.95,0.05
405,10603853,SMA NEGERI 06 PALEMBANG,SUMATERA SELATAN,KOTA PALEMBANG,SMA,C,93.93,0.05
406,70006118,SMA STRADA BHAKTI WIYATA,JAWA BARAT,KOTA BEKASI,SMA,C,93.92,0.05
407,20507733,SMAN 1 MEJAYAN,JAWA TIMUR,KAB. MADIUN,SMA,C,93.9,0.05
408,20402788,SMK NEGERI 1 PENGASIH,DI YOGYAKARTA,KAB. KULON PROGO,SMK,C,93.89,0.05
409,50102079,SMAN 1 GIANYAR,BALI,KAB. GIANYAR,SMA,C,93.87,0.05
410,20402128,SMKN 1 WONOSARI,DI YOGYAKARTA,KAB. GUNUNG KIDUL,SMK,C,93.86,0.05
411,69967607,SMA AL-AZHAR SYIFA BUDI SOLO,JAWA TENGAH,KOTA SURAKARTA,SMA,C,93.84,0.05
412,20603368,SMAN 3 KOTA TANGERANG SELATAN,BANTEN,KOTA TANGERANG SELATAN,SMA,C,93.83,0.05
413,20401133,SMAN 2 SLEMAN,DI YOGYAKARTA,KAB. SLEMAN,SMA,C,93.81,0.05
414,20224124,SMA SANTA MARIA 3,JAWA BARAT,KOTA CIMAHI,SMA,C,93.8,0.05
415,69937250,SPM ULYA KULLIYATUL MU`ALLIMIN AL-ISLAMIYAH (KMI) PP MODERN GONTOR PONOROGO,JAWA TIMUR,KAB. PONOROGO,Paket C,C,93.78,0.05
416,20277093,MAN 1 KOTA BEKASI,JAWA BARAT,KOTA BEKASI,MA,C,93.77,0.05
417,20219243,SMAN 11 BANDUNG,JAWA BARAT,KOTA BANDUNG,SMA,C,93.75,0.05
418,20177927,MAN 7 JAKARTA,DKI JAKARTA,KOTA JAKARTA SELATAN,MA,C,93.74,0.05
419,40310832,SMA NEGERI 5 PAREPARE,SULAWESI SELATAN,KOTA PAREPARE,SMA,C,93.72,0.05
420,20219738,SMAS BPI 1 BANDUNG,JAWA BARAT,KOTA BANDUNG,SMA,C,93.71,0.05
421,20103289,SMAN 106 JAKARTA,DKI JAKARTA,KOTA JAKARTA TIMUR,SMA,C,93.69,0.05
422,20403157,SMAS MUHAMMADIYAH 1 YOGYAKARTA,DI YOGYAKARTA,KOTA YOGYAKARTA,SMA,C,93.68,0.05
423,20223818,SMAN 2 KOTA DEPOK,JAWA BARAT,KOTA DEPOK,SMA,C,93.66,0.05
424,50103127,SMAN 1 DENPASAR,BALI,KOTA DENPASAR,SMA,C,93.65,0.05
425,20501701,SMAN 3 SIDOARJO,JAWA TIMUR,KAB. SIDOARJO,SMA,C,93.63,0.05
426,69960983,SMA ISLAM TERPADU AULIYA,BANTEN,KOTA TANGERANG SELATAN,SMA,C,93.62,0.05
427,20580291,MAN 1 JEMBER,JAWA TIMUR,KAB. JEMBER,MA,C,93.6,0.05
428,20102215,SMAN 32 JAKARTA,DKI JAKARTA,KOTA JAKARTA SELATAN,SMA,C,93.59,0.05
429,20527233,SMAN 1 PAMEKASAN,JAWA TIMUR,KAB. PAMEKASAN,SMA,C,93.57,0.05
430,20308448,SMAN 3 BOYOLALI,JAWA TENGAH,KAB. BOYOLALI,SMA,C,93.56,0.05
431,20220330,SMAS YPHB,JAWA BARAT,KOTA BOGOR,SMA,C,93.54,0.05
432,60726806,SMAIT INSANTAMA PLUS,JAWA BARAT,KOTA BOGOR,SMA,C,93.53,0.05
433,20220325,SMAS BUDI MULIA,JAWA BARAT,KOTA BOGOR,SMA,C,93.51,0.05
434,10107194,SMAN 10 FAJAR HARAPAN BANDA ACEH,ACEH,KOTA BANDA ACEH,SMA,C,93.5,0.05
435,30105210,SMAN 1 PONTIANAK,KALIMANTAN BARAT,KOTA PONTIANAK,SMA,C,93.48,0.05
436,69823287,SMA AL-ABIDIN BILINGUAL BOARDING SCHOOL,JAWA TENGAH,KOTA SURAKARTA,SMA,C,93.47,0.05
437,20103313,SMAN 50 JAKARTA,DKI JAKARTA,KOTA JAKARTA TIMUR,SMA,C,93.45,0.05
438,20363060,MAN 1 SURAKARTA,JAWA TENGAH,KOTA SURAKARTA,MA,C,93.44,0.05
439,10303499,SMAN 2 PADANG,SUMATERA BARAT,KOTA PADANG,SMA,C,93.42,0.05
440,20306811,SMK NEGERI 1 WONOSOBO,JAWA TENGAH,KAB. WONOSOBO,SMK,C,93.41,0.05
441,20103287,SMAN 11 JAKARTA,DKI JAKARTA,KOTA JAKARTA TIMUR,SMA,C,93.39,0.05
442,20532263,SMAN 9 SURABAYA,JAWA TIMUR,KOTA SURABAYA,SMA,C,93.38,0.05
443,11002256,SMAN 1 BINTAN UTARA,KEPULAUAN RIAU,KAB. BINTAN,SMA,C,93.36,0.05
444,20517736,SMAN 1 TUMPANG,JAWA TIMUR,KAB. MALANG,SMA,C,93.35,0.05
445,20363284,MAS MUALLIMIN MUHAMMADIYAH,DI YOGYAKARTA,KOTA YOGYAKARTA,MA,C,93.33,0.05
446,20328920,SMA ISLAM HIDAYATULLAH,JAWA TENGAH,KOTA SEMARANG,SMA,C,93.32,0.05
447,20400371,SMA NEGERI 1 SEWON,DI YOGYAKARTA,KAB. BANTUL,SMA,C,93.3,0.05
448,20533641,SMAN 9 Malang,JAWA TIMUR,KOTA MALANG,SMA,C,93.29,0.05
449,69987117,MAN INSAN CENDEKIA TAPANULI SELATAN,SUMATERA UTARA,KAB. TAPANULI SELATAN,MA,C,93.27,0.05
450,20177928,MAN 13 JAKARTA,DKI JAKARTA,KOTA JAKARTA SELATAN,MA,C,93.26,0.05
451,69862591,SMA N 2 SUMATERA BARAT,SUMATERA BARAT,KAB. SOLOK,SMA,C,93.24,0.05
452,69915799,SMAN 20 BATAM,KEPULAUAN RIAU,KOTA BATAM,SMA,C,93.23,0.05
453,20221587,SMAS PESANTREN TERPADU HAYATAN THAYYIBAH,JAWA BARAT,KOTA SUKABUMI,SMA,C,93.21,0.05
454,20402137,SMAN 2 WONOSARI,DI YOGYAKARTA,KAB. GUNUNG KIDUL,SMA,C,93.2,0.05
455,20523847,SMAN 2 JEMBER,JAWA TIMUR,KAB. JEMBER,SMA,C,93.18,0.05
456,20606814,SMAN 8 TANGERANG,BANTEN,KOTA TANGERANG,SMA,C,93.17,0.05
457,20329845,SMAN 3 TEGAL,JAWA TENGAH,KOTA TEGAL,SMA,C,93.15,0.05
458,20217786,SMAN 1 KARAWANG,JAWA BARAT,KAB. KARAWANG,SMA,C,93.14,0.05
459,20103282,SMAN 22 JAKARTA,DKI JAKARTA,KOTA JAKARTA TIMUR,SMA,C,93.12,0.05
460,69950405,SMAS IT IMAM SYAFII,KEPULAUAN RIAU,KOTA BATAM,SMA,C,93.11,0.05
461,20101604,SMAN 57 JAKARTA,DKI JAKARTA,KOTA JAKARTA BARAT,SMA,C,93.09,0.05
462,20219250,SMAN 22 BANDUNG,JAWA BARAT,KOTA BANDUNG,SMA,C,93.08,0.05
463,20321439,SMA NEGERI 2 TEMANGGUNG,JAWA TENGAH,KAB. TEMANGGUNG,SMA,C,93.06,0.05
464,20403146,SMAS STELLA DUCE 2,DI YOGYAKARTA,KOTA YOGYAKARTA,SMA,C,93.05,0.05
465,20219264,SMA SANTA MARIA 2,JAWA BARAT,KOTA BANDUNG,SMA,C,93.03,0.05
466,20231316,SMAS MARDI WALUYA,JAWA BARAT,KAB. BOGOR,SMA,C,93.02,0.05
467,20533664,SMAN 2,JAWA TIMUR,KOTA MALANG,SMA,C,93.0,0.05
468,20302171,SMA NEGERI 1 BANYUMAS,JAWA TENGAH,KAB. BANYUMAS,SMA,C,92.99,0.05
469,20307710,SMAN 1 SALAMAN,JAWA TENGAH,KAB. MAGELANG,SMA,C,92.97,0.05
470,20103294,SMAN 100 JAKARTA,DKI JAKARTA,KOTA JAKARTA TIMUR,SMA,C,92.96,0.05
471,50204503,SMA NEGERI 1 MATARAM,NUSA TENGGARA BARAT,KOTA MATARAM,SMA,C,92.94,0.05
472,20501703,SMAN 1 WARU,JAWA TIMUR,KAB. SIDOARJO,SMA,C,92.93,0.05
473,69893966,SMA GLOBAL ISLAMIC SCHOOL 2,BANTEN,KOTA TANGERANG SELATAN,SMA,C,92.91,0.05
474,20409801,SMA BUDI MULIA DUA,DI YOGYAKARTA,KAB. SLEMAN,SMA,C,92.9,0.05
475,50102004,SMAN 1 UBUD,BALI,KAB. GIANYAR,SMA,C,92.88,0.05
476,10303467,SMAS DON BOSCO,SUMATERA BARAT,KOTA PADANG,SMA,C,92.87,0.05
477,20313048,SMAN 1 GEMOLONG,JAWA TENGAH,KAB. SRAGEN,SMA,C,92.85,0.05
478,20229160,SMAS AVICENA CINERE,JAWA BARAT,KOTA DEPOK,SMA,C,92.84,0.05
479,30400382,SMAN 1 BERAU,KALIMANTAN TIMUR,KAB. BERAU,SMA,C,92.82,0.05
480,20313028,SMAN 2 SRAGEN,JAWA TENGAH,KAB. SRAGEN,SMA,C,92.81,0.05
481,20511011,SMAN 1 PACITAN,JAWA TIMUR,KAB. PACITAN,SMA,C,92.79,0.05
482,20515450,SMAN 1 BOYOLANGU,JAWA TIMUR,KAB. TULUNGAGUNG,SMA,C,92.78,0.05
483,20515431,SMAN 1 KAUMAN,JAWA TIMUR,KAB. TULUNGAGUNG,SMA,C,92.76,0.05
484,20584790,MAN 2 TULUNGAGUNG,JAWA TIMUR,KAB. TULUNGAGUNG,MA,C,92.75,0.05
485,20580044,MAN 1 KOTA KEDIRI,JAWA TIMUR,KOTA KEDIRI,MA,C,92.73,0.05
486,69880982,SMA BINA INSAN MANDIRI,JAWA TIMUR,KAB. NGANJUK,SMA,C,92.72,0.05
487,10403985,SMA NEGERI 1 PEKANBARU,RIAU,KOTA PEKANBARU,SMA,C,92.7,0.05
488,20268809,SMAS IT NURURRAHMAN,JAWA BARAT,KOTA DEPOK,SMA,C,92.69,0.05
489,20361201,SMAS INSAN CENDIKIA AL-MUJTABA,JAWA TENGAH,KAB. SUKOHARJO,SMA,C,92.67,0.05
490,10310795,SMAN 3 PAINAN,SUMATERA BARAT,KAB. PESISIR SELATAN,SMA,C,92.66,0.05
491,30401490,SMAN 2 BALIKPAPAN UTARA,KALIMANTAN TIMUR,KOTA BALIKPAPAN,SMA,C,92.64,0.05
492,20603372,SMAS PRAMITA CURUG,BANTEN,KAB. TANGERANG,SMA,C,92.63,0.05
493,20219324,SMAN 9 BANDUNG,JAWA BARAT,KOTA BANDUNG,SMA,C,92.61,0.05
494,30401786,SMAN 1 BONTANG,KALIMANTAN TIMUR,KOTA BONTANG,SMA,C,92.6,0.05
495,20219790,SMAS LABORATORIUM - PERCONTOHAN UPI,JAWA BARAT,KOTA BANDUNG,SMA,C,92.58,0.05
496,20532163,SMAS MUHAMMADIYAH 2,JAWA TIMUR,KOTA SURABAYA,SMA,C,92.57,0.05
497,20363090,MAS NU BANAT KUDUS,JAWA TENGAH,KAB. KUDUS,MA,C,92.55,0.05
498,20302169,SMAN 5 PURWOKERTO,JAWA TENGAH,KAB. BANYUMAS,SMA,C,92.54,0.05
499,20301902,SMKS TELEKOMUNIKASI SANDHY PUTRA PURWOKERTO,JAWA TENGAH,KAB. BANYUMAS,SMK,C,92.52,0.05
500,10702412,SMAN 5 BENGKULU,BENGKULU,KOTA BENGKULU,SMA,C,92.51,0.05
501,11000433,SMAN 1 TANJUNGPINANG,KEPULAUAN RIAU,KOTA TANJUNGPINANG,SMA,C,92.49,0.05
502,20200685,SMAN 1 CIAWI BOGOR,JAWA BARAT,KAB. BOGOR,SMA,C,92.48,0.05
503,20219248,SMAN 24 BANDUNG,JAWA BARAT,KOTA BANDUNG,SMA,C,92.46,0.05
504,20507726,SMAN 1 GEGER,JAWA TIMUR,KAB. MADIUN,SMA,C,92.45,0.05
505,20102569,SMAN 74 JAKARTA,DKI JAKARTA,KOTA JAKARTA SELATAN,SMA,C,92.43,0.05
506,11002199,SMAN 5 BATAM,KEPULAUAN RIAU,KOTA BATAM,SMA,C,92.42,0.05
507,69965701,SMAIT ABU BAKAR BOARDING SCHOOL KULON PROGO,DI YOGYAKARTA,KAB. KULON PROGO,SMA,C,92.4,0.05
508,20606502,SMAS ASY SYUKRIYAH,BANTEN,KOTA TANGERANG,SMA,C,92.39,0.05
509,20515429,SMAN 1 NGUNUT,JAWA TIMUR,KAB. TULUNGAGUNG,SMA,C,92.37,0.05
510,69977851,MA ISLAM TERPADU DARUL FIKRI,JAWA TIMUR,KAB. SIDOARJO,MA,C,92.36,0.05
511,70008990,SMA ISLAM AL AZHAR 22,JAWA BARAT,KAB. BEKASI,SMA,C,92.34,0.05
512,20224136,SMK NEGERI 1 CIMAHI,JAWA BARAT,KOTA CIMAHI,SMK,C,92.33,0.05
513,20200885,SMAN 1 CIBINONG,JAWA BARAT,KAB. BOGOR,SMA,C,92.31,0.05
514,20501700,SMAN 4 SIDOARJO,JAWA TIMUR,KAB. SIDOARJO,SMA,C,92.3,0.05
515,20309684,SMAN 1 CAWAS,JAWA TENGAH,KAB. KLATEN,SMA,C,92.28,0.05
516,10210858,SMAN 5 MEDAN,SUMATERA UTARA,KOTA MEDAN,SMA,C,92.27,0.05
517,20219249,SMAN 23 BANDUNG,JAWA BARAT,KOTA BANDUNG,SMA,C,92.25,0.05
518,20522640,SMAN 1 SITUBONDO,JAWA TIMUR,KAB. SITUBONDO,SMA,C,92.24,0.05
519,20300727,SMA NEGERI 3 CILACAP,JAWA TENGAH,KAB. CILACAP,SMA,C,92.22,0.05
520,20532244,SMAN 11 SURABAYA,JAWA TIMUR,KOTA SURABAYA,SMA,C,92.21,0.05
521,20219720,SMAS DARUL HIKAM BANDUNG,JAWA BARAT,KOTA BANDUNG,SMA,C,92.19,0.05
522,20517737,SMAN 1 TUREN,JAWA TIMUR,KAB. MALANG,SMA,C,92.18,0.05
523,20221561,SMAN 3 SUKABUMI,JAWA BARAT,KOTA SUKABUMI,SMA,C,92.16,0.05
524,20339023,SMA NEGERI 2 PATI,JAWA TENGAH,KAB. PATI,SMA,C,92.15,0.05
525,10601344,SMAN 4 LAHAT,SUMATERA SELATAN,KAB. LAHAT,SMA,C,92.13,0.05
526,20501784,SMAN 1 KRIAN,JAWA TIMUR,KAB. SIDOARJO,SMA,C,92.12,0.05
527,20404175,SMAS PANGUDI LUHUR,DI YOGYAKARTA,KOTA YOGYAKARTA,SMA,C,92.1,0.05
528,20280604,SMAS FUTURE GATE,JAWA BARAT,KOTA BEKASI,SMA,C,92.09,0.05
529,20102211,SMAN 43 JAKARTA,DKI JAKARTA,KOTA JAKARTA SELATAN,SMA,C,92.07,0.05
530,20401125,SMAN 1 SEYEGAN,DI YOGYAKARTA,KAB. SLEMAN,SMA,C,92.06,0.05
531,20223033,SMAN 2 BEKASI,JAWA BARAT,KOTA BEKASI,SMA,C,92.04,0.05
532,20103787,SMKN 26 JAKARTA,DKI JAKARTA,KOTA JAKARTA TIMUR,SMK,C,92.03,0.05
533,20323399,SMA NEGERI 1 KEDUNGWUNI,JAWA TENGAH,KAB. PEKALONGAN,SMA,C,92.01,0.05
534,20222364,SMAN 1 CIREBON,JAWA BARAT,KOTA CIREBON,SMA,C,92.0,0.05
535,20532151,SMA KATOLIK ST LOUIS 2,JAWA TIMUR,KOTA SURABAYA,SMA,C,91.98,0.05
536,20317501,SMAN 2 KUDUS,JAWA TENGAH,KAB. KUDUS,SMA,C,91.97,0.05
537,20277119,MAN 2 KOTA BOGOR,JAWA BARAT,KOTA BOGOR,MA,C,91.95,0.05
538,20327971,SMAN 6 SURAKARTA,JAWA TENGAH,KOTA SURAKARTA,SMA,C,91.94,0.05
539,20402807,SMA NEGERI 1 KALIBAWANG,DI YOGYAKARTA,KAB. KULON PROGO,SMA,C,91.92,0.05
540,20309690,SMAN 3 KLATEN,JAWA TENGAH,KAB. KLATEN,SMA,C,91.91,0.05
541,20103279,SMAN 9 JAKARTA,DKI JAKARTA,KOTA JAKARTA TIMUR,SMA,C,91.89,0.05
542,20400372,SMA NEGERI 1 SEDAYU,DI YOGYAKARTA,KAB. BANTUL,SMA,C,91.88,0.05
543,69757388,SMAS IT RAUDHATUL JANNAH,BANTEN,KOTA CILEGON,SMA,C,91.86,0.05
544,20534122,SMAN 3 TARUNA ANGKASA MADIUN,JAWA TIMUR,KOTA MADIUN,SMA,C,91.85,0.05
545,50102081,SMAN 1 SUKAWATI,BALI,KAB. GIANYAR,SMA,C,91.83,0.05
546,20532218,SMAN 18 SURABAYA,JAWA TIMUR,KOTA SURABAYA,SMA,C,91.82,0.05
547,10206580,SMAN 1 MATAULI PANDAN,SUMATERA UTARA,KAB. TAPANULI TENGAH,SMA,C,91.8,0.05
548,20309681,SMAN 1 JOGONALAN,JAWA TENGAH,KAB. KLATEN,SMA,C,91.79,0.05
549,10211702,SMAN 4 PEMATANG SIANTAR,SUMATERA UTARA,KOTA PEMATANGSIANTAR,SMA,C,91.77,0.05
550,20101621,SMAN 23 JAKARTA,DKI JAKARTA,KOTA JAKARTA BARAT,SMA,C,91.76,0.05
551,20307677,SMAN 1 DUKUN,JAWA TENGAH,KAB. MAGELANG,SMA,C,91.74,0.05
552,69961248,SMA IT PUTRI AL HANIF,BANTEN,KOTA CILEGON,SMA,C,91.73,0.05
553,20324216,SMAN 1 PEMALANG,JAWA TENGAH,KAB. PEMALANG,SMA,C,91.71,0.05
554,20503408,SMA NEGERI MOJOAGUNG,JAWA TIMUR,KAB. JOMBANG,SMA,C,91.7,0.05
555,20508480,SMAN 1 NGAWI,JAWA TIMUR,KAB. NGAWI,SMA,C,91.68,0.05
556,10498808,MAN 1 PEKANBARU,RIAU,KOTA PEKANBARU,MA,C,91.67,0.05
557,50103117,SMKN 2 DENPASAR,BALI,KOTA DENPASAR,SMK,C,91.65,0.05
558,20606271,SMAN 2 KRAKATAU STEEL CILEGON,BANTEN,KOTA CILEGON,SMA,C,91.64,0.05
559,20606542,SMAS BUDI LUHUR,BANTEN,KOTA TANGERANG,SMA,C,91.62,0.05
560,20533803,SMKS TELKOM SANDHY PUTRA,JAWA TIMUR,KOTA MALANG,SMK,C,91.61,0.05
561,69992187,SMA AL WAFI IBS,JAWA BARAT,KAB. BOGOR,SMA,C,91.59,0.05
562,10210856,SMAN 3 MEDAN,SUMATERA UTARA,KOTA MEDAN,SMA,C,91.58,0.05
563,20605093,SMAN 1 KOTA SERANG,BANTEN,KOTA SERANG,SMA,C,91.56,0.05
564,20534120,SMAN 5 MADIUN,JAWA TIMUR,KOTA MADIUN,SMA,C,91.55,0.05
565,11003325,MAN BATAM,KEPULAUAN RIAU,KOTA BATAM,MA,C,91.53,0.05
566,20100803,SMAN 111 JAKARTA,DKI JAKARTA,KOTA JAKARTA UTARA,SMA,C,91.52,0.05
567,20623317,MAN 1 KOTA TANGERANG SELATAN,BANTEN,KOTA TANGERANG SELATAN,MA,C,91.5,0.05
568,20223068,SMAS PANGUDI LUHUR II,JAWA BARAT,KOTA BEKASI,SMA,C,91.49,0.05
569,20318343,SMA NEGERI 1 JEPARA,JAWA TENGAH,KAB. JEPARA,SMA,C,91.47,0.05
570,60403474,SMAS AVEROS,PAPUA BARAT,KOTA SORONG,SMA,C,91.46,0.05
571,20504478,SMAN 2 BOJONEGORO,JAWA TIMUR,KAB. BOJONEGORO,SMA,C,91.44,0.05
572,20224511,SMA NEGERI 1 TASIKMALAYA,JAWA BARAT,KOTA TASIKMALAYA,SMA,C,91.43,0.05
573,20223067,SMAS ISLAM PANGLIMA BESAR SOEDIRMAN,JAWA BARAT,KOTA BEKASI,SMA,C,91.41,0.05
574,20538394,SMAN 1 KERTOSONO,JAWA TIMUR,KAB. NGANJUK,SMA,C,91.4,0.05
575,20540294,SMA DARUL ULUM 2 UNGGULAN BPPT,JAWA TIMUR,KAB. JOMBANG,SMA,C,91.38,0.05
576,69765014,SMAS ALBANNA,BALI,KOTA DENPASAR,SMA,C,91.37,0.05
577,10307525,SMAN 3 BUKITTINGGI,SUMATERA BARAT,KOTA BUKITTINGGI,SMA,C,91.35,0.05
578,20100210,SMAN 5 JAKARTA,DKI JAKARTA,KOTA JAKARTA PUSAT,SMA,C,91.34,0.05
579,20402116,SMAN 1 SEMIN,DI YOGYAKARTA,KAB. GUNUNG KIDUL,SMA,C,91.32,0.05
580,69982590,SMA AL WILDAN ISLAMIC SCHOOL,BANTEN,KAB. TANGERANG,SMA,C,91.31,0.05
581,20328911,SMA NEGERI 12,JAWA TENGAH,KOTA SEMARANG,SMA,C,91.29,0.05
582,20327979,SMAS MTA SURAKARTA,JAWA TENGAH,KOTA SURAKARTA,SMA,C,91.28,0.05
583,20327608,SMKN 1 MAGELANG,JAWA TENGAH,KOTA MAGELANG,SMK,C,91.26,0.05
584,10609706,SMA XAVERIUS 03 PALEMBANG,SUMATERA SELATAN,KOTA PALEMBANG,SMA,C,91.25,0.05
585,20533610,SMAS LABORATORIUM UM,JAWA TIMUR,KOTA MALANG,SMA,C,91.23,0.05
586,20177948,MAS PEMBANGUNAN UIN,DKI JAKARTA,KOTA JAKARTA SELATAN,MA,C,91.22,0.05
587,20229166,SMAN 4 KOTA DEPOK,JAWA BARAT,KOTA DEPOK,SMA,C,91.2,0.05
588,20317483,SMAN 1 BAE KUDUS,JAWA TENGAH,KAB. KUDUS,SMA,C,91.19,0.05
589,20237987,SMAN 1 CIKARANG PUSAT,JAWA BARAT,KAB. BEKASI,SMA,C,91.17,0.05
590,20314884,SMAN 1 CEPU,JAWA TENGAH,KAB. BLORA,SMA,C,91.16,0.05
591,20510147,SMAN 2 PONOROGO,JAWA TIMUR,KAB. PONOROGO,SMA,C,91.14,0.05
592,20509318,SMAN 1 MAGETAN,JAWA TIMUR,KAB. MAGETAN,SMA,C,91.13,0.05
593,10303905,SMAN 2 PAYAKUMBUH,SUMATERA BARAT,KOTA PAYAKUMBUH,SMA,C,91.11,0.05
594,20328866,SMA NEGERI 08,JAWA TENGAH,KOTA SEMARANG,SMA,C,91.1,0.05
595,69980514,MAN INSAN CENDEKIA KOTA PALU,SULAWESI TENGAH,KOTA PALU,MA,C,91.08,0.05
596,20219316,SMAN 7 BANDUNG,JAWA BARAT,KOTA BANDUNG,SMA,C,91.07,0.05
597,20219782,SMA PGII 1,JAWA BARAT,KOTA BANDUNG,SMA,C,91.05,0.05
598,20223045,SMAN 4 BEKASI,JAWA BARAT,KOTA BEKASI,SMA,C,91.04,0.05
599,20503415,SMA NEGERI 1 JOMBANG,JAWA TIMUR,KAB. JOMBANG,SMA,C,91.02,0.05
600,20327566,SMAN 5 MAGELANG,JAWA TENGAH,KOTA MAGELANG,SMA,C,91.01,0.05
601,20327967,SMAN 2 SURAKARTA,JAWA TENGAH,KOTA SURAKARTA,SMA,C,90.99,0.05
602,20329508,SMA Negeri 3 Pekalongan,JAWA TENGAH,KOTA PEKALONGAN,SMA,C,90.98,0.05
603,20220337,SMAN 8 BOGOR,JAWA BARAT,KOTA BOGOR,SMA,C,90.96,0.05
604,20363001,MAS WATHONIYAH ISLAMIYAH KARANGDUWUR,JAWA TENGAH,KAB. KEBUMEN,MA,C,90.95,0.05
605,20328899,SMA NEGERI 14,JAWA TENGAH,KOTA SEMARANG,SMA,C,90.93,0.05
606,20312173,SMAN KARANGPANDAN,JAWA TENGAH,KAB. KARANGANYAR,SMA,C,90.92,0.05
607,20402796,SMA NEGERI 1 SENTOLO,DI YOGYAKARTA,KAB. KULON PROGO,SMA,C,90.9,0.05
608,20103258,SMAN 93 JAKARTA,DKI JAKARTA,KOTA JAKARTA TIMUR,SMA,C,90.89,0.05
609,20206209,SMAN 1 MARGAHAYU,JAWA BARAT,KAB. BANDUNG,SMA,C,90.87,0.05
610,20534387,SMAN 3 KEDIRI,JAWA TIMUR,KOTA KEDIRI,SMA,C,90.86,0.05
611,20229186,SMAS YASPEN TUGU IBU,JAWA BARAT,KOTA DEPOK,SMA,C,90.84,0.05
612,20305013,SMAN 1 KUTOWINANGUN,JAWA TENGAH,KAB. KEBUMEN,SMA,C,90.83,0.05
613,20329844,SMAN 4 TEGAL,JAWA TENGAH,KOTA TEGAL,SMA,C,90.81,0.05
614,20302104,SMKN 1 BANYUMAS,JAWA TENGAH,KAB. BANYUMAS,SMK,C,90.8,0.05
615,20533638,SMAS KATOLIK COR YESU,JAWA TIMUR,KOTA MALANG,SMA,C,90.78,0.05
616,10210857,SMAN 4 MEDAN,SUMATERA UTARA,KOTA MEDAN,SMA,C,90.77,0.05
617,20580048,MAN 2 KOTA MADIUN,JAWA TIMUR,KOTA MADIUN,MA,C,90.75,0.05
618,20318337,SMA NEGERI 1 WELAHAN,JAWA TENGAH,KAB. JEPARA,SMA,C,90.74,0.05
619,20339022,SMA NEGERI 1 TAYU,JAWA TENGAH,KAB. PATI,SMA,C,90.72,0.05
620,20103784,SMKN 48 JAKARTA,DKI JAKARTA,KOTA JAKARTA TIMUR,SMK,C,90.71,0.05
621,20606829,SMAN 7 TANGERANG,BANTEN,KOTA TANGERANG,SMA,C,90.69,0.05
622,20501862,SMAN 1 GEDANGAN,JAWA TIMUR,KAB. SIDOARJO,SMA,C,90.68,0.05
623,20363282,MAN 2 YOGYAKARTA,DI YOGYAKARTA,KOTA YOGYAKARTA,MA,C,90.66,0.05
624,30304260,SMAN 7 BANJARMASIN,KALIMANTAN SELATAN,KOTA BANJARMASIN,SMA,C,90.65,0.05
625,20100223,SMAN 27 JAKARTA,DKI JAKARTA,KOTA JAKARTA PUSAT,SMA,C,90.63,0.05
626,20300732,SMA NEGERI 1 MAJENANG,JAWA TENGAH,KAB. CILACAP,SMA,C,90.62,0.05
627,20340792,SMKN 1 KARANGANYAR,JAWA TENGAH,KAB. KARANGANYAR,SMK,C,90.6,0.05
628,20321428,SMA NEGERI 1 PARAKAN,JAWA TENGAH,KAB. TEMANGGUNG,SMA,C,90.59,0.05
629,20319300,SMAN 2 MRANGGEN,JAWA TENGAH,KAB. DEMAK,SMA,C,90.57,0.05
630,20584466,MAN 2 PONOROGO,JAWA TIMUR,KAB. PONOROGO,MA,C,90.56,0.05
631,20100796,SMAN 72 JAKARTA,DKI JAKARTA,KOTA JAKARTA UTARA,SMA,C,90.54,0.05
632,20223032,SMAN 11 BEKASI,JAWA BARAT,KOTA BEKASI,SMA,C,90.53,0.05
633,20206151,SMAN 1 BALEENDAH,JAWA BARAT,KAB. BANDUNG,SMA,C,90.51,0.05
634,69947314,SMA ISLAM TERPADU BAITUSSALAM,DI YOGYAKARTA,KAB. SLEMAN,SMA,C,90.5,0.05
635,20362426,SMAS ISLAM AL-AZHAR SOLO BARU,JAWA TENGAH,KAB. SUKOHARJO,SMA,C,90.48,0.05
636,20330459,SMKN 1 PURWOKERTO,JAWA TENGAH,KAB. BANYUMAS,SMK,C,90.47,0.05
637,30304597,SMAN 1 BANJARBARU,KALIMANTAN SELATAN,KOTA BANJARBARU,SMA,C,90.45,0.05
638,69946189,SMA MUHAMMADIYAH 10 GKB GRESIK,JAWA TIMUR,KAB. GRESIK,SMA,C,90.44,0.05
639,20203739,SMAN 1 CIANJUR,JAWA BARAT,KAB. CIANJUR,SMA,C,90.42,0.05
640,20300731,SMA NEGERI 1 MAOS,JAWA TENGAH,KAB. CILACAP,SMA,C,90.41,0.05
641,10302476,SMAN 1 BATU SANGKAR,SUMATERA BARAT,KAB. TANAH DATAR,SMA,C,90.39,0.05
642,20320386,SMA NEGERI 1 BERGAS,JAWA TENGAH,KAB. SEMARANG,SMA,C,90.38,0.05
643,20308442,SMAN 1 SIMO,JAWA TENGAH,KAB. BOYOLALI,SMA,C,90.36,0.05
644,20328878,SMA NEGERI 10,JAWA TENGAH,KOTA SEMARANG,SMA,C,90.35,0.05
645,69857938,SMAN 12 KOTA DEPOK,JAWA BARAT,KOTA DEPOK,SMA,C,90.33,0.05
646,10263738,MAN 1 KOTA BUKITTINGGI,SUMATERA BARAT,KOTA BUKITTINGGI,MA,C,90.32,0.05
647,69886285,SMA ISLAM AL-FAJAR,JAWA BARAT,KOTA BEKASI,SMA,C,90.3,0.05
648,20220341,SMAN 10 BOGOR,JAWA BARAT,KOTA BOGOR,SMA,C,90.29,0.05
649,20219306,SMAN 6 BANDUNG,JAWA BARAT,KOTA BANDUNG,SMA,C,90.27,0.05
650,20532167,SMAS LUQMAN AL HAKIM,JAWA TIMUR,KOTA SURABAYA,SMA,C,90.26,0.05
651,20101627,SMAN 101 JAKARTA,DKI JAKARTA,KOTA JAKARTA BARAT,SMA,C,90.24,0.05
652,20103311,SMAN 53 JAKARTA,DKI JAKARTA,KOTA JAKARTA TIMUR,SMA,C,90.23,0.05
653,20229168,SMAN 6 KOTA DEPOK,JAWA BARAT,KOTA DEPOK,SMA,C,90.21,0.05
654,30201459,SMAN 1 SAMPIT,KALIMANTAN TENGAH,KAB. KOTAWARINGIN TIMUR,SMA,C,90.2,0.05
655,10307309,SMAN 1 PARIAMAN,SUMATERA BARAT,KOTA PARIAMAN,SMA,C,90.18,0.05
656,20321907,SMAN 1 KENDAL,JAWA TENGAH,KAB. KENDAL,SMA,C,90.17,0.05
657,20534408,SMKN 2 KEDIRI,JAWA TIMUR,KOTA KEDIRI,SMK,C,90.15,0.05
658,10807063,SMAN 2 BANDAR LAMPUNG,LAMPUNG,KOTA BANDAR LAMPUNG,SMA,C,90.14,0.05
659,20229167,SMAN 5 KOTA DEPOK,JAWA BARAT,KOTA DEPOK,SMA,C,90.12,0.05
660,20107305,SMA ISLAM AL-AZHAR 2 JAKARTA,DKI JAKARTA,KOTA JAKARTA SELATAN,SMA,C,90.11,0.05
661,50100337,SMAN 1 SINGARAJA,BALI,KAB. BULELENG,SMA,C,90.09,0.05
662,20219776,SMAS PLUS AL GHIFARI BANDUNG,JAWA BARAT,KOTA BANDUNG,SMA,C,90.08,0.05
663,20533613,SMAS PANJURA,JAWA TIMUR,KOTA MALANG,SMA,C,90.06,0.05
664,20534749,SMAN 2,JAWA TIMUR,KOTA MOJOKERTO,SMA,C,90.05,0.05
665,20519298,SMAN 1 PURWOSARI,JAWA TIMUR,KAB. PASURUAN,SMA,C,90.03,0.05
666,10807561,SMAN 1 METRO,LAMPUNG,KOTA METRO,SMA,C,90.02,0.05
667,20224114,SMA NEGERI 3 CIMAHI,JAWA BARAT,KOTA CIMAHI,SMA,C,90.0,0.05
668,20603267,SMAN 7 KOTA TANGERANG SELATAN,BANTEN,KOTA TANGERANG SELATAN,SMA,C,89.98,0.05
669,20270492,SMAN 8 DEPOK,JAWA BARAT,KOTA DEPOK,SMA,C,89.97,0.05
670,20329509,SMA Negeri 4 Pekalongan,JAWA TENGAH,KOTA PEKALONGAN,SMA,C,89.95,0.05
671,20532205,SMKN 1 SURABAYA,JAWA TIMUR,KOTA SURABAYA,SMK,C,89.94,0.05
672,10300299,SMA NEGERI 1 AMPEK ANGKEK,SUMATERA BARAT,KAB. AGAM,SMA,C,89.92,0.05
673,20402810,SMA NEGERI 1 PENGASIH,DI YOGYAKARTA,KAB. KULON PROGO,SMA,C,89.91,0.05
674,20330330,SMKN 1 GOMBONG,JAWA TENGAH,KAB. KEBUMEN,SMK,C,89.89,0.05
675,20362990,MAN 2 KEBUMEN,JAWA TENGAH,KAB. KEBUMEN,MA,C,89.88,0.05
676,20535052,SMAN 3 BLITAR,JAWA TIMUR,KOTA BLITAR,SMA,C,89.86,0.05
677,20227474,SMAN 1 GARUT,JAWA BARAT,KAB. GARUT,SMA,C,89.85,0.05
678,20302170,SMAN 1 AJIBARANG,JAWA TENGAH,KAB. BANYUMAS,SMA,C,89.83,0.05
679,20323398,SMA NEGERI 1 KAJEN,JAWA TENGAH,KAB. PEKALONGAN,SMA,C,89.82,0.05
680,20177960,MAN 9 JAKARTA,DKI JAKARTA,KOTA JAKARTA TIMUR,MA,C,89.8,0.05
681,20303231,SMAN 1 BOBOTSARI,JAWA TENGAH,KAB. PURBALINGGA,SMA,C,89.79,0.05
682,20541242,SMAN 1 SUMBERREJO,JAWA TIMUR,KAB. BOJONEGORO,SMA,C,89.77,0.05
683,30304598,SMAN 2 BANJARBARU,KALIMANTAN SELATAN,KOTA BANJARBARU,SMA,C,89.76,0.05
684,20606289,SMAN 1 CILEGON,BANTEN,KOTA CILEGON,SMA,C,89.74,0.05
685,40311951,SMAN 17 MAKASSAR,SULAWESI SELATAN,KOTA MAKASSAR,SMA,C,89.73,0.05
686,20532243,SMAN 10 SURABAYA,JAWA TIMUR,KOTA SURABAYA,SMA,C,89.71,0.05
687,20223043,SMAN 6 BEKASI,JAWA BARAT,KOTA BEKASI,SMA,C,89.7,0.05
688,20103312,SMAN 51 JAKARTA,DKI JAKARTA,KOTA JAKARTA TIMUR,SMA,C,89.68,0.05
689,20100219,SMAN 24 JAKARTA,DKI JAKARTA,KOTA JAKARTA PUSAT,SMA,C,89.67,0.05
690,50103170,SMAS SARASWATI,BALI,KOTA DENPASAR,SMA,C,89.65,0.05
691,20554539,SMAS BRAWIJAYA SMART SCHOOL,JAWA TIMUR,KOTA MALANG,SMA,C,89.64,0.05
692,10502884,SMAN TITIAN TERAS,JAMBI,KAB. MUARO JAMBI,SMA,C,89.62,0.05
693,20322741,SMA NEGERI 1 SUBAH,JAWA TENGAH,KAB. BATANG,SMA,C,89.61,0.05
694,20362828,MAN 2 CILACAP,JAWA TENGAH,KAB. CILACAP,MA,C,89.59,0.05
695,20330346,SMAS AL ISLAM 1 SURAKARTA,JAWA TENGAH,KOTA SURAKARTA,SMA,C,89.58,0.05
696,20509317,SMAN 1 MAOSPATI,JAWA TIMUR,KAB. MAGETAN,SMA,C,89.56,0.05
697,20501702,SMAN 2 SIDOARJO,JAWA TIMUR,KAB. SIDOARJO,SMA,C,89.55,0.05
698,20223040,SMAN 9 BEKASI,JAWA BARAT,KOTA BEKASI,SMA,C,89.53,0.05
699,50103126,SMAN 2 DENPASAR,BALI,KOTA DENPASAR,SMA,C,89.52,0.05
700,20401193,SMKN 1 DEPOK,DI YOGYAKARTA,KAB. SLEMAN,SMK,C,89.5,0.05
701,20523826,SMAN 4 JEMBER,JAWA TIMUR,KAB. JEMBER,SMA,C,89.49,0.05
702,20320241,SMA NEGERI 2 UNGARAN,JAWA TENGAH,KAB. SEMARANG,SMA,C,89.47,0.05
703,20229147,SMAS BINTARA DEPOK,JAWA BARAT,KOTA DEPOK,SMA,C,89.46,0.05
704,20309691,SMKN 1 KLATEN,JAWA TENGAH,KAB. KLATEN,SMK,C,89.44,0.05
705,20411884,MAN 2 KULON PROGO,DI YOGYAKARTA,KAB. KULON PROGO,MA,C,89.43,0.05
706,20321448,SMK NEGERI 2 TEMANGGUNG,JAWA TENGAH,KAB. TEMANGGUNG,SMK,C,89.41,0.05
707,20327586,SMKN 2 MAGELANG,JAWA TENGAH,KOTA MAGELANG,SMK,C,89.4,0.05
708,20584134,MAN 1 BLITAR,JAWA TIMUR,KAB. BLITAR,MA,C,89.38,0.05
709,20310420,SMAN 2 SUKOHARJO,JAWA TENGAH,KAB. SUKOHARJO,SMA,C,89.37,0.05
710,20363221,MAS PPMI ASSALAAM,JAWA TENGAH,KAB. SUKOHARJO,MA,C,89.35,0.05
711,20400416,SMK NEGERI 1 BANTUL,DI YOGYAKARTA,KAB. BANTUL,SMK,C,89.34,0.05
712,20402795,SMA NEGERI 1 TEMON,DI YOGYAKARTA,KAB. KULON PROGO,SMA,C,89.32,0.05
713,60725017,MAN 10 JAKARTA,DKI JAKARTA,KOTA JAKARTA BARAT,MA,C,89.31,0.05
714,20215991,SMAN 1 SINDANG,JAWA BARAT,KAB. INDRAMAYU,SMA,C,89.29,0.05
715,20219247,SMAN 25 BANDUNG,JAWA BARAT,KOTA BANDUNG,SMA,C,89.28,0.05
716,10497552,SMA IT AL ITTIHAD,RIAU,KOTA PEKANBARU,SMA,C,89.26,0.05
717,20533816,SMKN 4 MALANG,JAWA TIMUR,KOTA MALANG,SMK,C,89.25,0.05
718,20100218,SMAN 20 JAKARTA,DKI JAKARTA,KOTA JAKARTA PUSAT,SMA,C,89.23,0.05
719,20330332,SMKN 1 KEBUMEN,JAWA TENGAH,KAB. KEBUMEN,SMK,C,89.22,0.05
720,20219238,SMAN 15 BANDUNG,JAWA BARAT,KOTA BANDUNG,SMA,C,89.2,0.05
721,20220334,SMAN 4 BOGOR,JAWA BARAT,KOTA BOGOR,SMA,C,89.19,0.05
722,20331830,SMKS FARMASI NASIONAL SURAKARTA,JAWA TENGAH,KOTA SURAKARTA,SMK,C,89.17,0.05
723,20505026,SMKN 1 TUBAN,JAWA TIMUR,KAB. TUBAN,SMK,C,89.16,0.05
724,69943715,SMA AL ADZKAR,BANTEN,KOTA TANGERANG SELATAN,SMA,C,89.14,0.05
725,20306806,SMA NEGERI 2 WONOSOBO,JAWA TENGAH,KAB. WONOSOBO,SMA,C,89.13,0.05
726,20303246,SMAN 2 PURBALINGGA,JAWA TENGAH,KAB. PURBALINGGA,SMA,C,89.11,0.05
727,20223136,SMKN 1 KOTA BEKASI,JAWA BARAT,KOTA BEKASI,SMK,C,89.1,0.05
728,20325279,SMAN 3 SLAWI,JAWA TENGAH,KAB. TEGAL,SMA,C,89.08,0.05
729,20219240,SMAN 13 BANDUNG,JAWA BARAT,KOTA BANDUNG,SMA,C,89.07,0.05
730,20231308,SMAS KORNITA,JAWA BARAT,KAB. BOGOR,SMA,C,89.05,0.05
731,20305025,SMAN 2 KEBUMEN,JAWA TENGAH,KAB. KEBUMEN,SMA,C,89.04,0.05
732,50101121,SMAN 1 TABANAN,BALI,KAB. TABANAN,SMA,C,89.02,0.05
733,20502724,SMAN 1 MOJOSARI,JAWA TIMUR,KAB. MOJOKERTO,SMA,C,89.01,0.05
734,20305026,SMAN 1 PREMBUN,JAWA TENGAH,KAB. KEBUMEN,SMA,C,88.99,0.05
735,10901156,SMKN 1 PANGKALPINANG,KEPULAUAN BANGKA BELITUNG,KOTA PANGKALPINANG,SMK,C,88.98,0.05
736,20584616,MAN SIDOARJO,JAWA TIMUR,KAB. SIDOARJO,MA,C,88.96,0.05
737,50101696,SMAN 1 KUTA UTARA,BALI,KAB. BADUNG,SMA,C,88.95,0.05
738,20508468,SMKN 1 NGAWI,JAWA TIMUR,KAB. NGAWI,SMK,C,88.93,0.05
739,20275048,SMAN 16 BEKASI,JAWA BARAT,KOTA BEKASI,SMA,C,88.92,0.05
740,20501695,SMKN 2 BUDURAN,JAWA TIMUR,KAB. SIDOARJO,SMK,C,88.9,0.05
741,20323503,SMA NEGERI 1 WIRADESA,JAWA TENGAH,KAB. PEKALONGAN,SMA,C,88.89,0.05
742,20322744,SMA NEGERI 1 BATANG,JAWA TENGAH,KAB. BATANG,SMA,C,88.87,0.05
743,20229150,SMAS CAKRA BUANA,JAWA BARAT,KOTA DEPOK,SMA,C,88.86,0.05
744,20219277,SMAS YAS BANDUNG,JAWA BARAT,KOTA BANDUNG,SMA,C,88.84,0.05
745,20519303,SMAN 1 BANGIL,JAWA TIMUR,KAB. PASURUAN,SMA,C,88.83,0.05
746,20219257,SMAN 10 BANDUNG,JAWA BARAT,KOTA BANDUNG,SMA,C,88.81,0.05
747,20531146,SMAN 1 BANGKALAN,JAWA TIMUR,KAB. BANGKALAN,SMA,C,88.8,0.05
748,50103632,SMAN 8 DENPASAR,BALI,KOTA DENPASAR,SMA,C,88.78,0.05
749,20317499,SMKN 1 KUDUS,JAWA TENGAH,KAB. KUDUS,SMK,C,88.77,0.05
750,20107306,SMAS ISLAM AL-AZHAR 3 JAKARTA,DKI JAKARTA,KOTA JAKARTA SELATAN,SMA,C,88.75,0.05
751,20533813,SMKN 1 MALANG,JAWA TIMUR,KOTA MALANG,SMK,C,88.74,0.05
752,10303090,SMA N 1 PASAMAN,SUMATERA BARAT,KAB. PASAMAN BARAT,SMA,C,88.72,0.05
753,20320244,SMA NEGERI 1 TENGARAN,JAWA TENGAH,KAB. SEMARANG,SMA,C,88.71,0.05
754,10263753,MAS KMI DINIYAH PUTERI,SUMATERA BARAT,KOTA PADANG PANJANG,MA,C,88.69,0.05
755,20532232,SMAN 21 SURABAYA,JAWA TIMUR,KOTA SURABAYA,SMA,C,88.68,0.05
756,20107289,SMA CHARITAS,DKI JAKARTA,KOTA JAKARTA SELATAN,SMA,C,88.66,0.05
757,20403144,SMAS SANTA MARIA,DI YOGYAKARTA,KOTA YOGYAKARTA,SMA,C,88.65,0.05
758,20231717,SMAS NASIONAL 1,JAWA BARAT,KOTA BEKASI,SMA,C,88.63,0.05
759,20238003,SMAS AL - MUSLIM,JAWA BARAT,KAB. BEKASI,SMA,C,88.62,0.05
760,30304280,SMAN 1 BANJARMASIN,KALIMANTAN SELATAN,KOTA BANJARMASIN,SMA,C,88.6,0.05
761,10303781,SMAN 1 SOLOK,SUMATERA BARAT,KOTA SOLOK,SMA,C,88.59,0.05
762,20220316,SMAS PESAT,JAWA BARAT,KOTA BOGOR,SMA,C,88.57,0.05
763,20313845,SMAN 1 PURWODADI,JAWA TENGAH,KAB. GROBOGAN,SMA,C,88.56,0.05
764,20510100,SMKN 1 PONOROGO,JAWA TIMUR,KAB. PONOROGO,SMK,C,88.54,0.05
765,20613768,SMAN 6 KOTA TANGERANG SELATAN,BANTEN,KOTA TANGERANG SELATAN,SMA,C,88.53,0.05
766,20403295,SMKN 7 YOGYAKARTA,DI YOGYAKARTA,KOTA YOGYAKARTA,SMK,C,88.51,0.05
767,20514351,SMAN 1 GARUM,JAWA TIMUR,KAB. BLITAR,SMA,C,88.5,0.05
768,20331899,SMA DON BOSKO,JAWA TENGAH,KOTA SEMARANG,SMA,C,88.48,0.05
769,20218378,SMAN 1 CIKARANG SELATAN,JAWA BARAT,KAB. BEKASI,SMA,C,88.47,0.05
770,20224112,SMA NEGERI 5 CIMAHI,JAWA BARAT,KOTA CIMAHI,SMA,C,88.45,0.05
771,20101605,SMAN 56 JAKARTA,DKI JAKARTA,KOTA JAKARTA BARAT,SMA,C,88.44,0.05
772,20521711,SMAN 2 BONDOWOSO,JAWA TIMUR,KAB. BONDOWOSO,SMA,C,88.42,0.05
773,10203537,SMAN 1 SIDIKALANG,SUMATERA UTARA,KAB. DAIRI,SMA,C,88.41,0.05
774,20107589,SMAS GLOBAL ISLAMIC SCHOOL,DKI JAKARTA,KOTA JAKARTA TIMUR,SMA,C,88.39,0.05
775,20101583,SMAN 96 JAKARTA,DKI JAKARTA,KOTA JAKARTA BARAT,SMA,C,88.38,0.05
776,20534385,SMA NEGERI 5 TARUNA BRAWIJAYA JAWA TIMUR,JAWA TIMUR,KOTA KEDIRI,SMA,C,88.36,0.05
777,20532211,SMKN 5 SURABAYA,JAWA TIMUR,KOTA SURABAYA,SMK,C,88.35,0.05
778,20517732,SMAN 1 PAGAK,JAWA TIMUR,KAB. MALANG,SMA,C,88.33,0.05
779,20328910,SMA NEGERI 13,JAWA TENGAH,KOTA SEMARANG,SMA,C,88.32,0.05
780,69972822,SMA IT ADZKIA,JAWA BARAT,KAB. SUKABUMI,SMA,C,88.3,0.05
781,30401058,SMA Negeri 3 Samarinda,KALIMANTAN TIMUR,KOTA SAMARINDA,SMA,C,88.29,0.05
782,20102587,SMKN 20 JAKARTA,DKI JAKARTA,KOTA JAKARTA SELATAN,SMK,C,88.27,0.05
783,69872144,SMAN 19 BATAM,KEPULAUAN RIAU,KOTA BATAM,SMA,C,88.26,0.05
784,20100779,SMAN 75 JAKARTA,DKI JAKARTA,KOTA JAKARTA UTARA,SMA,C,88.24,0.05
785,20504480,SMAN 4 BOJONEGORO,JAWA TIMUR,KAB. BOJONEGORO,SMA,C,88.23,0.05
786,10303610,SMAN 2 PADANG PANJANG,SUMATERA BARAT,KOTA PADANG PANJANG,SMA,C,88.21,0.05
787,20607924,SMAN 15 TANGERANG,BANTEN,KOTA TANGERANG,SMA,C,88.2,0.05
788,20177956,MAN 8 JAKARTA,DKI JAKARTA,KOTA JAKARTA TIMUR,MA,C,88.18,0.05
789,20534383,SMAN 7 KEDIRI,JAWA TIMUR,KOTA KEDIRI,SMA,C,88.17,0.05
790,20318339,SMA NEGERI 1 PECANGAAN,JAWA TENGAH,KAB. JEPARA,SMA,C,88.15,0.05
791,20532118,SMAS TRI MURTI SURABAYA,JAWA TIMUR,KOTA SURABAYA,SMA,C,88.14,0.05
792,20538325,SMAN 1 TANJUNGANOM,JAWA TIMUR,KAB. NGANJUK,SMA,C,88.12,0.05
793,30403011,SMAS SF Assisi Samarinda,KALIMANTAN TIMUR,KOTA SAMARINDA,SMA,C,88.11,0.05
794,11000434,SMAN 2 TANJUNGPINANG,KEPULAUAN RIAU,KOTA TANJUNGPINANG,SMA,C,88.09,0.05
795,20606847,SMAN 3 TANGERANG,BANTEN,KOTA TANGERANG,SMA,C,88.08,0.05
796,20363180,MAN PURBALINGGA,JAWA TENGAH,KAB. PURBALINGGA,MA,C,88.06,0.05
797,20339024,SMA NEGERI 3 PATI,JAWA TENGAH,KAB. PATI,SMA,C,88.05,0.05
798,20219145,SMKN 3 BANDUNG,JAWA BARAT,KOTA BANDUNG,SMK,C,88.03,0.05
799,20506254,SMA NEGERI 2 LAMONGAN,JAWA TIMUR,KAB. LAMONGAN,SMA,C,88.02,0.05
800,20317493,SMAN 1 JEKULO KUDUS,JAWA TENGAH,KAB. KUDUS,SMA,C,88.0,0.05
801,20219239,SMAN 14 BANDUNG,JAWA BARAT,KOTA BANDUNG,SMA,C,87.99,0.05
802,20253307,SMKN 3 KOTA BEKASI,JAWA BARAT,KOTA BEKASI,SMK,C,87.97,0.05
803,20224540,SMA AL MUTTAQIN,JAWA BARAT,KOTA TASIKMALAYA,SMA,C,87.96,0.05
804,69933838,SMA IT FITHRAH INSANI,JAWA BARAT,KAB. BANDUNG BARAT,SMA,C,87.94,0.05
805,20523845,SMAN 1 KENCONG,JAWA TIMUR,KAB. JEMBER,SMA,C,87.93,0.05
806,20311307,SMAN 1 BATURETNO,JAWA TENGAH,KAB. WONOGIRI,SMA,C,87.91,0.05
807,20613785,SMAN 23 KABUPATEN TANGERANG,BANTEN,KAB. TANGERANG,SMA,C,87.9,0.05
808,10404022,SMAS SANTA MARIA,RIAU,KOTA PEKANBARU,SMA,C,87.88,0.05
809,10219919,SMAS HARAPAN 3 DELI TUA,SUMATERA UTARA,KAB. DELI SERDANG,SMA,C,87.87,0.05
810,20103293,SMAN 102 JAKARTA,DKI JAKARTA,KOTA JAKARTA TIMUR,SMA,C,87.85,0.05
811,20303240,SMKN 1 PURBALINGGA,JAWA TENGAH,KAB. PURBALINGGA,SMK,C,87.84,0.05
812,50103179,SMAS KRISTEN HARAPAN,BALI,KOTA DENPASAR,SMA,C,87.82,0.05
813,20529954,SMAN 1 SUMENEP,JAWA TIMUR,KAB. SUMENEP,SMA,C,87.81,0.05
814,30405623,SMAN 2 SANGATTA UTARA,KALIMANTAN TIMUR,KAB. KUTAI TIMUR,SMA,C,87.79,0.05
815,50203310,SMAN 1 SUMBAWA BESAR,NUSA TENGGARA BARAT,KAB. SUMBAWA,SMA,C,87.78,0.05
816,20511953,SMAN 1 PARE,JAWA TIMUR,KAB. KEDIRI,SMA,C,87.76,0.05
817,20402817,SMK N 2 PENGASIH,DI YOGYAKARTA,KAB. KULON PROGO,SMK,C,87.75,0.05
818,20402124,SMAN 1 KARANGMOJO,DI YOGYAKARTA,KAB. GUNUNG KIDUL,SMA,C,87.73,0.05
819,20324218,SMAN 1 COMAL,JAWA TENGAH,KAB. PEMALANG,SMA,C,87.72,0.05
820,20220335,SMAN 6 BOGOR,JAWA BARAT,KOTA BOGOR,SMA,C,87.7,0.05
821,20229175,SMAS SEJAHTERA 1 DEPOK,JAWA BARAT,KOTA DEPOK,SMA,C,87.69,0.05
822,20364979,MAS AL HIKMAH 2,JAWA TENGAH,KAB. BREBES,MA,C,87.67,0.05
823,30105075,SMAS GEMBALA BAIK PONTIANAK,KALIMANTAN BARAT,KOTA PONTIANAK,SMA,C,87.66,0.05
824,20107320,SMAN 79 JAKARTA,DKI JAKARTA,KOTA JAKARTA SELATAN,SMA,C,87.64,0.05
825,20231719,SMAN 13 BEKASI,JAWA BARAT,KOTA BEKASI,SMA,C,87.63,0.05
826,10303504,SMAN 7 PADANG,SUMATERA BARAT,KOTA PADANG,SMA,C,87.61,0.05
827,10211680,SMAS KALAM KUDUS,SUMATERA UTARA,KOTA PEMATANGSIANTAR,SMA,C,87.6,0.05
828,50105492,SMAN BALI MANDARA,BALI,KAB. BULELENG,SMA,C,87.58,0.05
829,20206214,SMKN 1 KATAPANG,JAWA BARAT,KAB. BANDUNG,SMK,C,87.57,0.05
830,20321835,SMAN 1 SUKOREJO,JAWA TENGAH,KAB. KENDAL,SMA,C,87.55,0.05
831,20403280,SMKN 2 YOGYAKARTA,DI YOGYAKARTA,KOTA YOGYAKARTA,SMK,C,87.54,0.05
832,20222311,SMAN 6 CIREBON,JAWA BARAT,KOTA CIREBON,SMA,C,87.52,0.05
833,20551724,SMAN 1 SUTOJAYAN,JAWA TIMUR,KAB. BLITAR,SMA,C,87.51,0.05
834,69893110,SMA DAARUT TAUHIID BOARDING SCHOOL,JAWA BARAT,KAB. BANDUNG BARAT,SMA,C,87.49,0.05
835,20302168,SMAN 4 PURWOKERTO,JAWA TENGAH,KAB. BANYUMAS,SMA,C,87.48,0.05
836,20321429,SMA NEGERI 1 CANDIROTO,JAWA TENGAH,KAB. TEMANGGUNG,SMA,C,87.46,0.05
837,20216938,SMAN 1 SUBANG,JAWA BARAT,KAB. SUBANG,SMA,C,87.45,0.05
838,20525855,SMAN 1 GIRI,JAWA TIMUR,KAB. BANYUWANGI,SMA,C,87.43,0.05
839,20102580,SMK NEGERI 41 JAKARTA,DKI JAKARTA,KOTA JAKARTA SELATAN,SMK,C,87.42,0.05
840,20321974,SMAN 1 BOJA,JAWA TENGAH,KAB. KENDAL,SMA,C,87.4,0.05
841,10508041,MAN 1 KOTA LUBUK LINGGAU,SUMATERA SELATAN,KOTA LUBUK LINGGAU,MA,C,87.39,0.05
842,50103122,SMAN 5 DENPASAR,BALI,KOTA DENPASAR,SMA,C,87.37,0.05
843,60725005,MAN 12 JAKARTA,DKI JAKARTA,KOTA JAKARTA BARAT,MA,C,87.36,0.05
844,40306507,SMAS KRISTEN BARANA,SULAWESI SELATAN,KAB. TORAJA UTARA,SMA,C,87.34,0.05
845,69954194,SMA ISLAM AL - AZHAR 18 GRAND WISATA,JAWA BARAT,KAB. BEKASI,SMA,C,87.33,0.05
846,20103230,SMAS ISLAM PB SOEDIRMAN,DKI JAKARTA,KOTA JAKARTA TIMUR,SMA,C,87.31,0.05
847,20362931,MAN 1 JEPARA,JAWA TENGAH,KAB. JEPARA,MA,C,87.3,0.05
848,20270776,SMAN 2 GUNUNG PUTRI,JAWA BARAT,KAB. BOGOR,SMA,C,87.28,0.05
849,20580038,MAN KOTA BATU,JAWA TIMUR,KOTA BATU,MA,C,87.27,0.05
850,20308441,SMAN 1 TERAS,JAWA TENGAH,KAB. BOYOLALI,SMA,C,87.25,0.05
851,20219146,SMKN 2 BANDUNG,JAWA BARAT,KOTA BANDUNG,SMK,C,87.24,0.05
852,20584211,MAN 1 MALANG,JAWA TIMUR,KAB. MALANG,MA,C,87.22,0.05
853,50102779,SMAN 2 AMLAPURA,BALI,KAB. KARANG ASEM,SMA,C,87.21,0.05
854,20219144,SMKN 4 BANDUNG,JAWA BARAT,KOTA BANDUNG,SMK,C,87.19,0.05
855,20525861,SMAN 1 ROGOJAMPI,JAWA TIMUR,KAB. BANYUWANGI,SMA,C,87.18,0.05
856,20315695,SMA NEGERI 1 LASEM,JAWA TENGAH,KAB. REMBANG,SMA,C,87.16,0.05
857,20220321,SMAS KOSGORO,JAWA BARAT,KOTA BOGOR,SMA,C,87.15,0.05
858,20330282,SMAN 1 KARANGANYAR,JAWA TENGAH,KAB. KEBUMEN,SMA,C,87.13,0.05
859,20504487,SMAN 1 PADANGAN,JAWA TIMUR,KAB. BOJONEGORO,SMA,C,87.12,0.05
860,20305011,SMAN 1 KLIRONG,JAWA TENGAH,KAB. KEBUMEN,SMA,C,87.1,0.05
861,50101705,SMAN 1 KUTA,BALI,KAB. BADUNG,SMA,C,87.09,0.05
862,20229174,SMA PUTRA BANGSA,JAWA BARAT,KOTA DEPOK,SMA,C,87.07,0.05
863,20177959,MAN 2 JAKARTA,DKI JAKARTA,KOTA JAKARTA TIMUR,MA,C,87.06,0.05
864,20220338,SMAN 9 BOGOR,JAWA BARAT,KOTA BOGOR,SMA,C,87.04,0.05
865,20308445,SMAN 1 NGEMPLAK,JAWA TENGAH,KAB. BOYOLALI,SMA,C,87.03,0.05
866,20510134,SMAN 1 BADEGAN,JAWA TIMUR,KAB. PONOROGO,SMA,C,87.01,0.05
867,20303942,SMKN 1 BAWANG,JAWA TENGAH,KAB. BANJARNEGARA,SMK,C,87.0,0.05
868,20517731,SMAN 1 NGANTANG,JAWA TIMUR,KAB. MALANG,SMA,C,86.98,0.05
869,20220327,SMAS INSAN KAMIL,JAWA BARAT,KOTA BOGOR,SMA,C,86.97,0.05
870,20318318,SMK NEGERI 3 JEPARA,JAWA TENGAH,KAB. JEPARA,SMK,C,86.95,0.05
871,20306173,SMAN 5 PURWOREJO,JAWA TENGAH,KAB. PURWOREJO,SMA,C,86.94,0.05
872,20109246,SMKN 62 JAKARTA,DKI JAKARTA,KOTA JAKARTA SELATAN,SMK,C,86.92,0.05
873,10404013,SMA NEGERI 2 PEKANBARU,RIAU,KOTA PEKANBARU,SMA,C,86.91,0.05
874,20363271,MAS ALI MAKSUM,DI YOGYAKARTA,KAB. BANTUL,MA,C,86.89,0.05
875,10900232,SMAN 1 SUNGAI LIAT,KEPULAUAN BANGKA BELITUNG,KAB. BANGKA,SMA,C,86.88,0.05
876,69866096,SMA AL MINHAJ,JAWA BARAT,KAB. BOGOR,SMA,C,86.86,0.05
877,20218379,SMAN 2 TAMBUN SELATAN,JAWA BARAT,KAB. BEKASI,SMA,C,86.85,0.05
878,20623136,SMAS ISLAM TERPADU ALIA TANGERANG,BANTEN,KAB. TANGERANG,SMA,C,86.83,0.05
879,20319280,SMAN 1 DEMAK,JAWA TENGAH,KAB. DEMAK,SMA,C,86.82,0.05
880,20312189,SMAN 2 KARANGANYAR,JAWA TENGAH,KAB. KARANGANYAR,SMA,C,86.8,0.05
881,20325258,SMKN 1 SLAWI,JAWA TENGAH,KAB. TEGAL,SMK,C,86.79,0.05
882,20603346,SMAS ISLAMIC VILLAGE,BANTEN,KAB. TANGERANG,SMA,C,86.77,0.05
883,20511958,SMAN 1 KANDAT,JAWA TIMUR,KAB. KEDIRI,SMA,C,86.76,0.05
884,10303501,SMAN 4 PADANG,SUMATERA BARAT,KOTA PADANG,SMA,C,86.74,0.05
885,20363035,MAN SALATIGA,JAWA TENGAH,KOTA SALATIGA,MA,C,86.73,0.05
886,20309688,SMAN 1 WONOSARI,JAWA TENGAH,KAB. KLATEN,SMA,C,86.71,0.05
887,20224109,SMA NEGERI 4 CIMAHI,JAWA BARAT,KOTA CIMAHI,SMA,C,86.7,0.05
888,20400396,SMA PANGUDI LUHUR SEDAYU,DI YOGYAKARTA,KAB. BANTUL,SMA,C,86.68,0.05
889,20532233,SMAN 22 SURABAYA,JAWA TIMUR,KOTA SURABAYA,SMA,C,86.67,0.05
890,30401059,SMA Negeri 2 Samarinda,KALIMANTAN TIMUR,KOTA SAMARINDA,SMA,C,86.65,0.05
891,10210853,SMAN 2 MEDAN,SUMATERA UTARA,KOTA MEDAN,SMA,C,86.64,0.05
892,20274909,SMAS ISTIQAMAH,JAWA BARAT,KOTA BANDUNG,SMA,C,86.62,0.05
893,20310418,SMAN 1 TAWANGSARI,JAWA TENGAH,KAB. SUKOHARJO,SMA,C,86.61,0.05
894,20231720,SMAN 14 BEKASI,JAWA BARAT,KOTA BEKASI,SMA,C,86.59,0.05
895,20312172,SMAN KEBAKKRAMAT,JAWA TENGAH,KAB. KARANGANYAR,SMA,C,86.58,0.05
896,69984672,SMAIT NURUL ILMI,JAMBI,KOTA JAMBI,SMA,C,86.56,0.05
897,20300729,SMA NEGERI 1 SIDAREJA,JAWA TENGAH,KAB. CILACAP,SMA,C,86.55,0.05
898,69851425,SMA NEGERI 10 DEPOK,JAWA BARAT,KOTA DEPOK,SMA,C,86.53,0.05
899,20532261,SMAN 7 SURABAYA,JAWA TIMUR,KOTA SURABAYA,SMA,C,86.52,0.05
900,69918146,SMAN 4 CIBINONG,JAWA BARAT,KAB. BOGOR,SMA,C,86.5,0.05
901,10201985,SMA NEGERI 1 KABANJAHE,SUMATERA UTARA,KAB. KARO,SMA,C,86.49,0.05
902,20363220,MAS AL MUKMIN NGRUKI,JAWA TENGAH,KAB. SUKOHARJO,MA,C,86.47,0.05
903,69899184,SMA MUHAMMADIYAH 04 DEPOK,JAWA BARAT,KOTA DEPOK,SMA,C,86.46,0.05
904,20219237,SMAN 16 BANDUNG,JAWA BARAT,KOTA BANDUNG,SMA,C,86.44,0.05
905,20302183,SMA NEGERI 1 JATILAWANG,JAWA TENGAH,KAB. BANYUMAS,SMA,C,86.43,0.05
906,20307713,SMAN 1 MERTOYUDAN,JAWA TENGAH,KAB. MAGELANG,SMA,C,86.41,0.05
907,20232466,SMKN 1 BOJONG GEDE,JAWA BARAT,KAB. BOGOR,SMK,C,86.4,0.05
908,20317564,SMKS RADEN UMAR SAID KUDUS,JAWA TENGAH,KAB. KUDUS,SMK,C,86.38,0.05
909,20219178,SMKN 1 BANDUNG,JAWA BARAT,KOTA BANDUNG,SMK,C,86.37,0.05
910,11002198,SMAN 4 BATAM,KEPULAUAN RIAU,KOTA BATAM,SMA,C,86.35,0.05
911,20307727,SMAN 1 GRABAG,JAWA TENGAH,KAB. MAGELANG,SMA,C,86.34,0.05
912,20523828,SMAN AMBULU,JAWA TIMUR,KAB. JEMBER,SMA,C,86.32,0.05
913,69986644,SMAS ISLAM TERPADU ULIL ALBAB,KEPULAUAN RIAU,KOTA BATAM,SMA,C,86.31,0.05
914,20300728,SMA NEGERI 2 CILACAP,JAWA TENGAH,KAB. CILACAP,SMA,C,86.29,0.05
915,20517735,SMAN 1 SUMBERPUCUNG,JAWA TIMUR,KAB. MALANG,SMA,C,86.28,0.05
916,20217357,SMAN 1 PURWAKARTA,JAWA BARAT,KAB. PURWAKARTA,SMA,C,86.26,0.05
917,20302173,SMAN 1 SOKARAJA,JAWA TENGAH,KAB. BANYUMAS,SMA,C,86.25,0.05
918,20223042,SMAN 7 BEKASI,JAWA BARAT,KOTA BEKASI,SMA,C,86.23,0.05
919,20224510,SMA Negeri 2 Tasikmalaya,JAWA BARAT,KOTA TASIKMALAYA,SMA,C,86.22,0.05
920,20318342,SMA NEGERI 1 DONOROJO,JAWA TENGAH,KAB. JEPARA,SMA,C,86.2,0.05
921,50102078,SMAN 1 BLAHBATUH,BALI,KAB. GIANYAR,SMA,C,86.19,0.05
922,20103791,SMKN 10 JAKARTA,DKI JAKARTA,KOTA JAKARTA TIMUR,SMK,C,86.17,0.05
923,20102230,SMAN 108 JAKARTA,DKI JAKARTA,KOTA JAKARTA SELATAN,SMA,C,86.16,0.05
924,20402809,SMA NEGERI 1 LENDAH,DI YOGYAKARTA,KAB. KULON PROGO,SMA,C,86.14,0.05
925,40310213,SMAS ISLAM ATHIRAH,SULAWESI SELATAN,KOTA MAKASSAR,SMA,C,86.13,0.05
926,20102597,SMKN 8 JAKARTA,DKI JAKARTA,KOTA JAKARTA SELATAN,SMK,C,86.11,0.05
927,20363187,MAN PURWOREJO,JAWA TENGAH,KAB. PURWOREJO,MA,C,86.1,0.05
928,69774571,SMAS IT DARUT TAQWA,JAWA TIMUR,KAB. PONOROGO,SMA,C,86.08,0.05
929,20331953,SMAS MUHAMMADIYAH WONOSOBO,JAWA TENGAH,KAB. WONOSOBO,SMA,C,86.07,0.05
930,20511006,SMAN 1 NGADIROJO,JAWA TIMUR,KAB. PACITAN,SMA,C,86.05,0.05
931,20327973,SMAN 8 SURAKARTA,JAWA TENGAH,KOTA SURAKARTA,SMA,C,86.04,0.05
932,20511952,SMAN 1 PLEMAHAN,JAWA TIMUR,KAB. KEDIRI,SMA,C,86.02,0.05
933,10107310,SMAS LAB SCHOOL,ACEH,KOTA BANDA ACEH,SMA,C,86.01,0.05
934,20503372,SMK NEGERI 3 JOMBANG,JAWA TIMUR,KAB. JOMBANG,SMK,C,85.99,0.05
935,20100200,SMAN 7 JAKARTA,DKI JAKARTA,KOTA JAKARTA PUSAT,SMA,C,85.98,0.05
936,20227827,SMA TERPADU BAITURRAHMAN,JAWA BARAT,KAB. BANDUNG,SMA,C,85.96,0.05
937,10700669,SMAN 1 REJANG LEBONG,BENGKULU,KAB. REJANG LEBONG,SMA,C,85.95,0.05
938,20100812,SMAN 45 JAKARTA,DKI JAKARTA,KOTA JAKARTA UTARA,SMA,C,85.93,0.05
939,20277070,MAN 2 Kota Bandung,JAWA BARAT,KOTA BANDUNG,MA,C,85.92,0.05
940,30401516,SMKN 1 BALIKPAPAN,KALIMANTAN TIMUR,KOTA BALIKPAPAN,SMK,C,85.9,0.05
941,20546530,SMAS TUNAS LUHUR,JAWA TIMUR,KAB. PROBOLINGGO,SMA,C,85.89,0.05
942,20327935,SMAS BATIK 1 SURAKARTA,JAWA TENGAH,KOTA SURAKARTA,SMA,C,85.87,0.05
943,11002189,SMAS KARTINI,KEPULAUAN RIAU,KOTA BATAM,SMA,C,85.86,0.05
944,20536818,SMAN 2 BATU,JAWA TIMUR,KOTA BATU,SMA,C,85.84,0.05
945,20363027,MAN KOTA MAGELANG,JAWA TENGAH,KOTA MAGELANG,MA,C,85.83,0.05
946,20231303,SMAS NURUL HIKMAH,JAWA BARAT,KAB. BOGOR,SMA,C,85.81,0.05
947,10600905,SMAN 1 UNGGULAN MUARA ENIM,SUMATERA SELATAN,KAB. MUARA ENIM,SMA,C,85.8,0.05
948,10210864,SMAN 15 MEDAN,SUMATERA UTARA,KOTA MEDAN,SMA,C,85.78,0.05
949,20219141,SMKN 7 BANDUNG,JAWA BARAT,KOTA BANDUNG,SMK,C,85.77,0.05
950,20537011,SMAN 1 KEBOMAS,JAWA TIMUR,KAB. GRESIK,SMA,C,85.75,0.05
951,20532262,SMAN 8 SURABAYA,JAWA TIMUR,KOTA SURABAYA,SMA,C,85.74,0.05
952,30315160,MAN 2 SAMARINDA,KALIMANTAN TIMUR,KOTA SAMARINDA,MA,C,85.72,0.05
953,10807070,SMAN 9 BANDAR LAMPUNG,LAMPUNG,KOTA BANDAR LAMPUNG,SMA,C,85.71,0.05
954,20326490,SMAN 1 BUMIAYU,JAWA TENGAH,KAB. BREBES,SMA,C,85.69,0.05
955,30203478,SMAN 2 PALANGKA RAYA,KALIMANTAN TENGAH,KOTA PALANGKA RAYA,SMA,C,85.68,0.05
956,20407372,SMAS TERPADU BINA UMAT,DI YOGYAKARTA,KAB. SLEMAN,SMA,C,85.66,0.05
957,20306174,SMAN 4 PURWOREJO,JAWA TENGAH,KAB. PURWOREJO,SMA,C,85.65,0.05
958,69728578,SMAS IT AL FIDAA,JAWA BARAT,KAB. BEKASI,SMA,C,85.63,0.05
959,20103302,SMAN 76 JAKARTA,DKI JAKARTA,KOTA JAKARTA TIMUR,SMA,C,85.62,0.05
960,20311331,SMAN 2 WONOGIRI,JAWA TENGAH,KAB. WONOGIRI,SMA,C,85.6,0.05
961,10603844,SMA NEGERI 03 PALEMBANG,SUMATERA SELATAN,KOTA PALEMBANG,SMA,C,85.59,0.05
962,20324212,SMAN 2 PEMALANG,JAWA TENGAH,KAB. PEMALANG,SMA,C,85.57,0.05
963,20535098,SMKN 2 BLITAR,JAWA TIMUR,KOTA BLITAR,SMK,C,85.56,0.05
964,20500481,SMAN 1 CERME,JAWA TIMUR,KAB. GRESIK,SMA,C,85.54,0.05
965,20502721,SMAN 1 GEDEG,JAWA TIMUR,KAB. MOJOKERTO,SMA,C,85.53,0.05
966,20501698,SMAN 1 WONOAYU,JAWA TIMUR,KAB. SIDOARJO,SMA,C,85.51,0.05
967,20177926,MAN 11 JAKARTA,DKI JAKARTA,KOTA JAKARTA SELATAN,MA,C,85.5,0.05
968,69763270,SMAS IT BAITUL MUSLIM,LAMPUNG,KAB. LAMPUNG TIMUR,SMA,C,85.48,0.05
969,69950015,SMA Islam Terpadu Granada,KALIMANTAN TIMUR,KOTA SAMARINDA,SMA,C,85.47,0.05
970,20309672,SMKN 1 PEDAN,JAWA TENGAH,KAB. KLATEN,SMK,C,85.45,0.05
971,60300625,SMAN 1 MERAUKE,PAPUA,KAB. MERAUKE,SMA,C,85.44,0.05
972,20538321,SMAN 1 NGANJUK,JAWA TIMUR,KAB. NGANJUK,SMA,C,85.42,0.05
973,20606856,SMAS YUPPENTEK 1,BANTEN,KOTA TANGERANG,SMA,C,85.41,0.05
974,20503375,SMK NEGERI 1 JOMBANG,JAWA TIMUR,KAB. JOMBANG,SMK,C,85.39,0.05
975,20606851,SMAN 11 TANGERANG,BANTEN,KOTA TANGERANG,SMA,C,85.38,0.05
976,20232396,SMAS PGRI CIBINONG,JAWA BARAT,KAB. BOGOR,SMA,C,85.36,0.05
977,20503407,SMA NEGERI NGORO,JAWA TIMUR,KAB. JOMBANG,SMA,C,85.35,0.05
978,20536297,SMAN 2 PROBOLINGGO,JAWA TIMUR,KOTA PROBOLINGGO,SMA,C,85.33,0.05
979,69760562,SMAN 18 BEKASI,JAWA BARAT,KOTA BEKASI,SMA,C,85.32,0.05
980,20517766,SMKN 1 SINGOSARI,JAWA TIMUR,KAB. MALANG,SMK,C,85.3,0.05
981,20363028,MAN 1 KOTA PEKALONGAN,JAWA TENGAH,KOTA PEKALONGAN,MA,C,85.29,0.05
982,20232371,SMAN 1 TAJURHALANG,JAWA BARAT,KAB. BOGOR,SMA,C,85.27,0.05
983,20103781,SMKN 51 JAKARTA,DKI JAKARTA,KOTA JAKARTA TIMUR,SMK,C,85.26,0.05
984,20508492,SMAN 2 NGAWI,JAWA TIMUR,KAB. NGAWI,SMA,C,85.24,0.05
985,20540064,SMAS MUHAMMADIYAH 2,JAWA TIMUR,KAB. SIDOARJO,SMA,C,85.23,0.05
986,20221590,SMAS MARDI YUANA,JAWA BARAT,KOTA SUKABUMI,SMA,C,85.21,0.05
987,20223019,SMAN 10 BEKASI,JAWA BARAT,KOTA BEKASI,SMA,C,85.2,0.05
988,20606848,SMAN 2 TANGERANG,BANTEN,KOTA TANGERANG,SMA,C,85.18,0.05
989,50101706,SMAN 1 KUTA SELATAN,BALI,KAB. BADUNG,SMA,C,85.17,0.05
990,30401066,SMA Negeri 1 Samarinda,KALIMANTAN TIMUR,KOTA SAMARINDA,SMA,C,85.15,0.05
991,20503411,SMA NEGERI BARENG,JAWA TIMUR,KAB. JOMBANG,SMA,C,85.14,0.05
992,20314906,SMAN 2 CEPU,JAWA TENGAH,KAB. BLORA,SMA,C,85.12,0.05
993,20221559,SMAN 1 SUKABUMI,JAWA BARAT,KOTA SUKABUMI,SMA,C,85.11,0.05
994,20542496,SMAN 1 DURENAN,JAWA TIMUR,KAB. TRENGGALEK,SMA,C,85.09,0.05
995,20537286,SMKN 1 BOYOLANGU,JAWA TIMUR,KAB. TULUNGAGUNG,SMK,C,85.08,0.05
996,10403902,SMK NEGERI 1 PEKANBARU,RIAU,KOTA PEKANBARU,SMK,C,85.06,0.05
997,20313849,SMAN 1 GUBUG,JAWA TENGAH,KAB. GROBOGAN,SMA,C,85.05,0.05
998,10901104,SMAN 1 PANGKAL PINANG,KEPULAUAN BANGKA BELITUNG,KOTA PANGKALPINANG,SMA,C,85.03,0.05
999,20580755,MAN KOTA SURABAYA,JAWA TIMUR,KOTA SURABAYA,MA,C,85.02,0.05
1000,20303985,SMAN 1 BAWANG,JAWA TENGAH,KAB. BANJARNEGARA,SMA,C,85.0,0.05
